,Country Name,Country Code,Year,Access to clean fuels and technologies for cooking (% of population),Access to electricity (% of population),CO2 emissions (metric tons per capita),Individuals using the Internet (% of population),Military expenditure (% of GDP),Mobile cellular subscriptions (per 100 people),"Mortality rate, infant (per 1,000 live births)"
0,Afghanistan,AFG,2015,28.6,71.5,0.232175631,8.26,0.994575823,57.27106807,53.2
1,Afghanistan,AFG,2016,30.299999,97.7,0.208857196,..,0.956772141,61.05463771,51.3
2,Afghanistan,AFG,2017,32.200001,97.7,0.203327569,..,0.9452268,65.92913406,49.5
3,Afghanistan,AFG,2018,34.099998,98.71562195,0.200151071,..,1.006746292,59.12084823,47.9
4,Afghanistan,AFG,2019,36,97.7,..,..,1.118230603,59.3560197,46.4
5,Albania,ALB,2015,75.900002,99.98,1.759987059,56.9,1.162303864,117.6592183,8.5
6,Albania,ALB,2016,77.599998,99.89,1.714126173,59.6,1.103581009,116.7444442,8.4
7,Albania,ALB,2017,78.800003,99.89,1.948872038,62.4,1.108696386,125.7103519,8.4
8,Albania,ALB,2018,79.699997,100,1.939731563,65.4,1.16126613,94.17699827,8.5
9,Albania,ALB,2019,80.699997,100,..,68.55039112,1.291087114,91.29301538,8.6
10,Algeria,DZA,2015,99.400002,99.18688965,3.674232947,38.2,6.270242856,108.8089403,21.6
11,Algeria,DZA,2016,99.300003,99.40287018,3.535019927,42.94552688,6.384928983,116.0042077,21.3
12,Algeria,DZA,2017,99.300003,99.61513519,3.505747662,47.69105515,5.924383327,110.7672465,20.9
13,Algeria,DZA,2018,99.300003,99.641922,3.591657418,49.03846808,5.467824356,111.6647921,20.4
14,Algeria,DZA,2019,99.300003,99.5,..,57.5,6.021045994,105.510594,20
15,American Samoa,ASM,2015,..,..,..,..,..,..,..
16,American Samoa,ASM,2016,..,..,..,..,..,..,..
17,American Samoa,ASM,2017,..,..,..,..,..,..,..
18,American Samoa,ASM,2018,..,..,..,..,..,..,..
19,American Samoa,ASM,2019,..,..,..,..,..,..,..
20,Andorra,AND,2015,100,100,6.026181837,..,..,91.44351438,3.1
21,Andorra,AND,2016,100,100,6.080600298,..,..,98.49282637,2.9
22,Andorra,AND,2017,100,100,6.104133927,91.56746703,..,104.3324113,2.8
23,Andorra,AND,2018,100,100,5.97340536,..,..,107.2825494,2.6
24,Andorra,AND,2019,100,100,..,..,..,113.9573773,2.5
25,Angola,AGO,2015,47.299999,42,1.260920989,29,3.105426293,49.79322295,57.7
26,Angola,AGO,2016,47.799999,41.79737854,1.227702942,29,2.733340655,45.07629005,55.5
27,Angola,AGO,2017,48.400002,43.0016098,1.0343173,32,2.507985456,44.68610714,53.5
28,Angola,AGO,2018,49,45.29,0.887380364,35,1.871775866,43.13051888,51.7
29,Angola,AGO,2019,49.599998,45.67031479,..,36,1.643740283,46.59863797,49.9
30,Antigua and Barbuda,ATG,2015,100,100,5.236665206,70,..,188.1025159,6.5
31,Antigua and Barbuda,ATG,2016,100,100,5.289885738,73,..,190.4217843,6.2
32,Antigua and Barbuda,ATG,2017,100,100,5.239717055,..,..,192.819567,6
33,Antigua and Barbuda,ATG,2018,100,99.99972534,5.504663385,..,..,..,5.8
34,Antigua and Barbuda,ATG,2019,100,100,..,..,..,..,5.6
35,Arab World,ARB,2015,86.51420967,87.93547895,4.617963545,41.53871012,7.511171432,105.7348817,28.69596462
36,Arab World,ARB,2016,86.68827989,88.50426125,4.57030837,42.91423104,6.212326254,103.1907993,28.08376594
37,Arab World,ARB,2017,86.89814035,89.62342671,4.528350612,52.04162801,6.480670922,101.0307466,27.29272157
38,Arab World,ARB,2018,87.00715185,88.30632443,4.438715965,..,6.0395461,99.48647313,26.82549778
39,Arab World,ARB,2019,87.15343363,89.51228232,..,62.96720841,5.362210469,104.7418883,26.33280639
40,Argentina,ARG,2015,99.699997,99.81168365,4.314433522,68.04306411,0.850128583,143.566834,10.2
41,Argentina,ARG,2016,99.800003,99.95601654,4.227539442,70.96898082,0.813140078,146.4538276,9.7
42,Argentina,ARG,2017,99.800003,100,4.089471516,74.29490687,0.856137916,140.8771235,9.2
43,Argentina,ARG,2018,99.800003,100,3.987234198,..,0.745498855,132.0931513,8.6
44,Argentina,ARG,2019,99.800003,100,..,..,0.706186671,125.842106,8.1
45,Armenia,ARM,2015,97.800003,100,1.825292192,59.10083377,4.239225786,118.4217138,12.6
46,Armenia,ARM,2016,98,99.8,1.726752782,64.34602977,4.090349217,116.9754675,12
47,Armenia,ARM,2017,98,99.7,1.806581049,64.74488433,3.849730577,118.4642306,11.3
48,Armenia,ARM,2018,98.099998,99.9,1.880246268,68.24505226,4.119886153,121.259018,10.8
49,Armenia,ARM,2019,98.099998,100,..,66.54394969,4.768968354,122.3487531,10.2
50,Aruba,ABW,2015,..,100,..,88.66122693,..,135.13384,..
51,Aruba,ABW,2016,..,100,..,93.54245387,..,..,..
52,Aruba,ABW,2017,..,100,..,97.17,..,..,..
53,Aruba,ABW,2018,..,100,..,..,..,..,..
54,Aruba,ABW,2019,..,100,..,..,..,..,..
55,Australia,AUS,2015,100,100,15.7864494,84.56051491,1.951027863,107.6778349,3.3
56,Australia,AUS,2016,100,100,15.87207954,86.54,2.083689225,109.4312952,3.2
57,Australia,AUS,2017,100,100,15.7386474,86.54504885,1.997577266,108.4417819,3.2
58,Australia,AUS,2018,100,100,15.47551649,..,1.890622246,111.012255,3.2
59,Australia,AUS,2019,100,100,..,..,1.879743267,109.2520084,3.2
60,Austria,AUT,2015,100,100,7.306745266,83.94014193,0.698138152,155.2154711,3
61,Austria,AUT,2016,100,100,7.255626516,84.32374257,0.729737692,126.6614696,3
62,Austria,AUT,2017,100,100,7.482751479,87.93558659,0.757321291,123.1192958,2.9
63,Austria,AUT,2018,100,100,7.146637625,87.47913723,0.744858294,123.5352681,2.9
64,Austria,AUT,2019,100,100,..,87.75220479,0.72740941,119.7752968,2.9
65,Azerbaijan,AZE,2015,96,100,3.333906429,77,5.464876793,111.1650782,23.3
66,Azerbaijan,AZE,2016,96.199997,100,3.347061821,78.2,3.688527303,104.6523726,21.8
67,Azerbaijan,AZE,2017,96.400002,100,3.244356904,79,3.756301732,102.8610548,20.3
68,Azerbaijan,AZE,2018,96.699997,100,3.221402183,79.79999549,3.562401234,103.9214187,19.2
69,Azerbaijan,AZE,2019,96.699997,100,..,81.09999907,3.873411703,106.9924534,18.2
70,"Bahamas, The",BHS,2015,100,100,6.333511491,78,..,83.15606912,12
71,"Bahamas, The",BHS,2016,100,100,5.794831222,80,..,95.30865504,11.7
72,"Bahamas, The",BHS,2017,100,100,5.631972841,85,..,92.60913413,11.4
73,"Bahamas, The",BHS,2018,100,100,5.86046391,..,..,100.7960854,11.2
74,"Bahamas, The",BHS,2019,100,100,..,..,..,109.2494647,14.5
75,Bahrain,BHR,2015,100,100,22.30559688,93.4783008,4.632877365,183.6245336,6.5
76,Bahrain,BHR,2016,100,100,21.18119531,97.9999807,4.671440867,210.0492218,6.4
77,Bahrain,BHR,2017,100,100,20.33362404,95.87813575,4.33877531,158.2568089,6.3
78,Bahrain,BHR,2018,100,100,19.59297584,98.64467258,4.07429483,133.3409369,6.1
79,Bahrain,BHR,2019,100,100,..,99.70149256,4.055054417,115.7929212,5.9
80,Bangladesh,BGD,2015,17.9,74.44007874,0.458797539,8.3,1.350969947,84.07708629,31
81,Bangladesh,BGD,2016,19.1,75.92,0.466776363,9.2,1.372321482,86.07690632,29.6
82,Bangladesh,BGD,2017,20.5,88,0.492906613,10.3,1.240256126,94.5264735,28.2
83,Bangladesh,BGD,2018,21.799999,91.8,0.512837314,11.5,1.263999785,100.2447125,26.8
84,Bangladesh,BGD,2019,23,92.2,..,12.9,1.348906693,101.5491558,25.5
85,Barbados,BRB,2015,100,100,4.52112839,76.11,..,117.337483,13
86,Barbados,BRB,2016,100,100,4.583656989,79.54939789,..,116.2395555,12.7
87,Barbados,BRB,2017,100,100,4.192447306,81.76077839,..,115.1391179,12.4
88,Barbados,BRB,2018,100,100,4.360870779,..,..,114.8914496,12.1
89,Barbados,BRB,2019,100,100,..,..,..,114.7377406,11.7
90,Belarus,BLR,2015,98.900002,100,5.801665688,62.23036091,1.257482359,121.2815762,3.1
91,Belarus,BLR,2016,98.900002,100,5.83037177,71.11304576,1.253515045,121.112623,2.9
92,Belarus,BLR,2017,99,100,5.945667132,74.43644541,1.146289015,120.7921902,2.7
93,Belarus,BLR,2018,99,100,6.283647736,79.12988669,1.182261729,122.925228,2.5
94,Belarus,BLR,2019,98.900002,100,..,82.78915209,1.226168363,123.0082886,2.4
95,Belgium,BEL,2015,100,100,8.444061111,85.05294175,0.909284202,113.1658212,3.3
96,Belgium,BEL,2016,100,100,8.323756718,86.51647666,0.894706236,110.5368746,3.3
97,Belgium,BEL,2017,100,100,8.155491115,87.67968082,0.883680595,99.45303522,3.3
98,Belgium,BEL,2018,100,100,8.179711061,88.647343,0.890644486,99.69668646,3.4
99,Belgium,BEL,2019,100,100,..,90.27542981,0.89304295,99.7421427,3.4
100,Belize,BLZ,2015,83.199997,91.8,1.828629691,41.59,1.143856161,58.72170181,13.2
101,Belize,BLZ,2016,83,93.21820831,1.764391326,44.57574032,1.223192232,60.51248643,12.5
102,Belize,BLZ,2017,82.900002,94.18984222,1.729758499,47.0826258,1.255364915,63.72026431,11.8
103,Belize,BLZ,2018,83,91.72,1.775127848,..,1.294665671,64.29904639,11.1
104,Belize,BLZ,2019,82.400002,92.72,..,..,1.331671046,65.30473699,10.6
105,Benin,BEN,2015,4.3000002,29.62,0.566378737,11.25498791,0.798484705,88.1051181,63.2
106,Benin,BEN,2016,4.3000002,37.08368683,0.665006634,11.99,0.673596727,81.7921125,61.9
107,Benin,BEN,2017,4.1999998,34.5,0.65860166,13.3,0.920613124,78.50459562,60.6
108,Benin,BEN,2018,4.0999999,39.23860168,0.688722324,26,0.63285754,82.38429039,59.3
109,Benin,BEN,2019,4,40.31874084,..,29,0.472934841,87.70201313,57.9
110,Bermuda,BMU,2015,..,100,..,98.32360965,..,59.66212397,..
111,Bermuda,BMU,2016,..,100,..,98,..,100.8348853,..
112,Bermuda,BMU,2017,..,100,..,98.37,..,103.0896604,..
113,Bermuda,BMU,2018,..,100,..,..,..,..,..
114,Bermuda,BMU,2019,..,100,..,..,..,..,..
115,Bhutan,BTN,2015,74,95.44389343,1.31888966,39.8,..,92.83820321,27.4
116,Bhutan,BTN,2016,75.800003,99.50035858,1.669594112,41.77264453,..,94.79644581,26.5
117,Bhutan,BTN,2017,76.400002,97.7,1.783886808,..,..,97.99614519,25.6
118,Bhutan,BTN,2018,78,99.96877289,1.829277992,..,..,93.26155771,24.7
119,Bhutan,BTN,2019,79.099998,100,..,..,..,95.5637066,23.9
120,Bolivia,BOL,2015,82.699997,91.522822,1.877691189,37.49,1.743839017,93.49660939,25.4
121,Bolivia,BOL,2016,83.5,91.8,1.958878597,39.6975146,1.627932972,91.60973889,24.3
122,Bolivia,BOL,2017,84.300003,91.8,1.987875656,43.83227607,1.536277694,97.94841441,23.2
123,Bolivia,BOL,2018,84.900002,92.8,2.000327663,44.2861422,1.536596285,100.8164084,22.3
124,Bolivia,BOL,2019,85.5,96.30310059,..,47.47481911,1.463637574,101.5263482,21.5
125,Bosnia and Herzegovina,BIH,2015,44.400002,99.7,5.718264797,52.6,1.000613746,100.4128758,5.4
126,Bosnia and Herzegovina,BIH,2016,44.700001,100,6.597243038,60.25653543,0.933900815,100.5249735,5.3
127,Bosnia and Herzegovina,BIH,2017,44.900002,100,6.758099426,64.89202051,0.864182658,102.6423792,5.3
128,Bosnia and Herzegovina,BIH,2018,45.099998,100,6.781131607,70.12013504,0.852548557,104.1256346,5.2
129,Bosnia and Herzegovina,BIH,2019,46.299999,100,..,69.94634763,0.8200662,113.7691912,5.1
130,Botswana,BWA,2015,54.599998,62.13,3.399795164,37.31205037,2.660266574,163.8751723,39.6
131,Botswana,BWA,2016,54.400002,64.29515076,3.296410755,39.36299738,3.28777595,152.2730166,39.3
132,Botswana,BWA,2017,54,67.4,3.569037983,41.41379464,3.005878803,146.9601556,38.2
133,Botswana,BWA,2018,53.900002,68.35865784,3.64230522,58,2.676088923,150.0055899,37.6
134,Botswana,BWA,2019,52.799999,70.18318176,..,61,2.812261003,162.6411807,36.9
135,Brazil,BRA,2015,95.5,99.710902,2.347365731,58.32795173,1.365517154,126.0879559,14.2
136,Brazil,BRA,2016,95.599998,99.7,2.143497524,60.87254007,1.347975413,118.3855945,15
137,Brazil,BRA,2017,95.599998,99.8,2.164421504,67.47128452,1.414485611,106.4644877,13.8
138,Brazil,BRA,2018,95.800003,99.7,2.041874199,70.43428254,1.494203353,99.9717023,13.6
139,Brazil,BRA,2019,95.900002,99.8,..,73.91244005,1.407988516,95.71649455,13.3
140,British Virgin Islands,VGB,2015,..,100,..,..,..,196.1958013,..
141,British Virgin Islands,VGB,2016,..,100,..,77.70142968,..,135.2035428,..
142,British Virgin Islands,VGB,2017,..,100,..,77.70426829,..,148.9096257,..
143,British Virgin Islands,VGB,2018,..,100,..,..,..,134.0648279,..
144,British Virgin Islands,VGB,2019,..,100,..,..,..,131.6483516,..
145,Brunei Darussalam,BRN,2015,100,100,14.41262527,71.2,3.279290461,111.6838231,8.8
146,Brunei Darussalam,BRN,2016,100,100,15.26950316,90,3.539384699,124.6910434,9
147,Brunei Darussalam,BRN,2017,100,100,15.80753909,94.86669164,2.865169907,128.3313662,9.2
148,Brunei Darussalam,BRN,2018,100,100,16.64490862,95,2.636612485,131.9342228,9.4
149,Brunei Darussalam,BRN,2019,100,100,..,95,3.078642143,132.6607198,9.6
150,Bulgaria,BGR,2015,88.42,100,6.225976043,56.65625161,1.248848117,127.70783,6.9
151,Bulgaria,BGR,2016,88.65,100,5.855926256,59.82554766,1.246707289,125.4743844,6.5
152,Bulgaria,BGR,2017,..,100,6.223901903,63.41010138,1.226243678,120.1404474,6.1
153,Bulgaria,BGR,2018,..,100,5.854773434,64.78201069,1.451568367,118.9396801,5.8
154,Bulgaria,BGR,2019,..,100,..,67.94698094,3.148475544,116.2063245,5.5
155,Burkina Faso,BFA,2015,8.1000004,16.07070351,0.187735194,7,1.419815231,79.77028842,59.6
156,Burkina Faso,BFA,2016,8.6000004,16.6396122,0.187704296,9,1.375362376,82.61152567,58.2
157,Burkina Faso,BFA,2017,9.3000002,17.21655655,0.212053871,12,1.556273179,93.50365342,56.7
158,Burkina Faso,BFA,2018,9.6999998,14.4,0.216186485,14,2.165041746,97.91227142,55.4
159,Burkina Faso,BFA,2019,10.2,18.3791523,..,18,2.606037509,100.2122395,54.1
160,Burundi,BDI,2015,0.2,8.403089523,0.040354196,2.1,2.201862734,49.18977601,46.2
161,Burundi,BDI,2016,0.2,9.251799583,0.043859641,2.4,2.115625208,51.08522649,44.4
162,Burundi,BDI,2017,0.2,9.3,0.052646114,2.660748535,1.870652158,54.68367609,42.7
163,Burundi,BDI,2018,0.2,10.59861469,0.05279463,5,1.882161447,56.53470747,41.3
164,Burundi,BDI,2019,0.2,11.0647974,..,5.2,2.497152014,56.64970019,39.9
165,Cabo Verde,CPV,2015,74.900002,87.13669586,0.952852841,42.68301416,0.558982326,116.527138,16.7
166,Cabo Verde,CPV,2016,75.599998,89.22769928,1.035508529,50.32281787,0.61182693,113.331551,15.5
167,Cabo Verde,CPV,2017,76.599998,91.32674408,1.097676461,57.16214635,0.53085719,113.909075,14.5
168,Cabo Verde,CPV,2018,77.099998,93.42980957,1.140200528,59.5,0.542008419,112.2407207,13.6
169,Cabo Verde,CPV,2019,78,95.53353882,..,61.94339776,0.488213087,108.3184376,12.8
170,Cambodia,KHM,2015,19.299999,68.84770203,0.55278394,18,1.801622621,134.3338529,27.3
171,Cambodia,KHM,2016,21.700001,76.62667847,0.627921978,32.39845171,1.90988363,126.3169742,26
172,Cambodia,KHM,2017,24.4,89.07,0.710207176,32.90027854,2.071383501,116.0128584,24.9
173,Cambodia,KHM,2018,27.4,91.83401489,0.686777895,65.00000218,2.224852375,119.4915172,23.8
174,Cambodia,KHM,2019,31.200001,93,..,78.27288351,2.228561325,129.9161522,22.9
175,Cameroon,CMR,2015,21.9,58.55207825,0.343800787,18.3,1.144433296,77.94823655,57
176,Cameroon,CMR,2016,22,59.76893234,0.357343635,20.6,1.187536437,78.22900593,55.2
177,Cameroon,CMR,2017,22.200001,60.99382401,0.338678511,23.20297197,1.173793483,81.96421137,53.2
178,Cameroon,CMR,2018,22.200001,62.2,0.341842908,29.7,1.11159531,73.19019901,51.3
179,Cameroon,CMR,2019,21.9,63.45231247,..,33.5,1.086759173,82.70374759,49.9
180,Canada,CAN,2015,100,100,15.65138616,90,1.152709374,82.61933463,4.7
181,Canada,CAN,2016,100,100,15.24474718,91.16,1.164161567,84.5231216,4.6
182,Canada,CAN,2017,100,100,15.38529105,92.70137191,1.351602232,86.28149306,4.6
183,Canada,CAN,2018,100,100,15.49702527,94.64,1.324681094,89.57894095,4.5
184,Canada,CAN,2019,100,100,..,96.5,1.27894142,91.86310664,4.4
185,Caribbean small states,CSS,2015,89.12865089,95.69537023,5.462326768,50.81894504,..,112.9667476,16.34724219
186,Caribbean small states,CSS,2016,89.27201309,96.73233833,5.032062547,53.47842647,..,116.6999501,15.87550598
187,Caribbean small states,CSS,2017,89.24917151,97.34094736,4.876310944,59.61657015,..,112.4449536,15.41861902
188,Caribbean small states,CSS,2018,89.13398218,97.73551587,5.017034408,..,..,110.973817,14.96289049
189,Caribbean small states,CSS,2019,88.96593091,98.28050491,..,..,..,116.5815945,14.7001176
190,Cayman Islands,CYM,2015,..,100,..,77,..,151.0660359,..
191,Cayman Islands,CYM,2016,..,100,..,79,..,152.8808196,..
192,Cayman Islands,CYM,2017,..,100,..,81.06769325,..,152.4975545,..
193,Cayman Islands,CYM,2018,..,100,..,..,..,..,..
194,Cayman Islands,CYM,2019,..,100,..,..,..,..,..
195,Central African Republic,CAF,2015,0.5,12.74572849,0.06899359,3.8,1.686089014,27.65294881,87.9
196,Central African Republic,CAF,2016,0.5,13.49867058,0.068316804,4,1.528332632,27.51062987,85.6
197,Central African Republic,CAF,2017,0.5,14.16905403,0.067449619,..,1.435967607,25.57404521,83.8
198,Central African Republic,CAF,2018,0.5,14.6539526,0.070718706,..,1.43304054,27.41449024,81.6
199,Central African Republic,CAF,2019,0.5,14.3,..,..,1.915529229,33.61921611,79.1
200,Central Europe and the Baltics,CEB,2015,99.19501416,100,6.249982689,67.35117029,1.534309211,126.8606124,4.835833913
201,Central Europe and the Baltics,CEB,2016,99.2145119,99.8278347,6.372489936,71.34198079,1.48038007,125.8114519,4.604803763
202,Central Europe and the Baltics,CEB,2017,100,100,6.625943967,73.40956731,1.517283427,123.0079993,4.397392104
203,Central Europe and the Baltics,CEB,2018,100,100,6.597232486,75.98213727,1.643985243,121.5817237,4.213125998
204,Central Europe and the Baltics,CEB,2019,100,100,..,78.72948708,1.755485336,122.7660611,4.052811301
205,Chad,TCD,2015,3,7.7,0.06874084,3.5,2.018821854,38.73436811,75.7
206,Chad,TCD,2016,3.0999999,9.240955353,0.070046969,5,3.068475119,38.35901264,74.1
207,Chad,TCD,2017,3.3,10.9,0.067924102,6.49999812,2.238589247,42.40996705,72.4
208,Chad,TCD,2018,3.5,10.12151718,0.069131598,8,2.339468546,45.12373876,70.7
209,Chad,TCD,2019,3.8,8.4,..,9.8,2.187152986,48.06483101,69
210,Channel Islands,CHI,2015,..,100,..,..,..,..,..
211,Channel Islands,CHI,2016,..,100,..,..,..,..,..
212,Channel Islands,CHI,2017,..,100,..,..,..,..,..
213,Channel Islands,CHI,2018,..,100,..,..,..,..,..
214,Channel Islands,CHI,2019,..,100,..,..,..,..,..
215,Chile,CHL,2015,100,99.714844,4.561654853,76.62959195,1.898487266,129.1440655,6.7
216,Chile,CHL,2016,100,100,4.73170736,83.55858602,1.91538872,127.972519,6.5
217,Chile,CHL,2017,100,99.7,4.712395783,82.32748693,1.9358293,124.5944777,6.4
218,Chile,CHL,2018,100,100,4.624872245,..,1.859638618,134.4373213,6.2
219,Chile,CHL,2019,100,100,..,..,1.837381841,132.1845598,6
220,China,CHN,2015,59.900002,100,7.124222747,50.3,1.750717767,91.835388,8.3
221,China,CHN,2016,61.299999,100,7.071898486,53.2,1.770695719,96.52661691,7.6
222,China,CHN,2017,62.299999,100,7.174947984,54.3,1.74645507,103.4384208,7
223,China,CHN,2018,63.700001,100,7.352262682,59.2,1.739533683,115.5258122,6.4
224,China,CHN,2019,64.400002,100,..,64.56912253,1.727827863,121.7922911,5.9
225,Colombia,COL,2015,91,98.186898,1.705152834,55.90497251,3.109960084,120.636922,13.4
226,Colombia,COL,2016,91.900002,98.4,1.738659399,58.13649357,3.071131026,121.8160055,12.9
227,Colombia,COL,2017,92.699997,98.5,1.555106166,62.25988032,3.209062437,127.2136962,12.5
228,Colombia,COL,2018,93.800003,98.5,1.600650618,64.12637682,3.062105511,129.9086097,12.1
229,Colombia,COL,2019,94.300003,99.7662735,..,65.00690072,3.140733964,131.6724442,11.7
230,Comoros,COM,2015,5.5999999,74.37182617,0.23153061,7.459161386,..,54.64019634,54.4
231,Comoros,COM,2016,6,76.78272247,0.251383552,7.938322771,..,57.11331939,53
232,Comoros,COM,2017,6.5999999,79.20166016,0.307166816,8.478170295,..,57.6137866,51.5
233,Comoros,COM,2018,7,81.6246109,0.312379103,..,..,59.94110452,50.1
234,Comoros,COM,2019,7.5,84.04824066,..,..,..,67.60224049,48.7
235,"Congo, Dem. Rep.",COD,2015,4.1999998,16.43629265,0.037904358,3.799999507,1.295639749,49.51538827,73
236,"Congo, Dem. Rep.",COD,2016,4.1999998,17.20158195,0.026145739,6.20997406,1.066108209,36.66662914,71.1
237,"Congo, Dem. Rep.",COD,2017,4.3000002,18.0063858,0.028010253,8.619904916,0.770467136,43.45919307,69.1
238,"Congo, Dem. Rep.",COD,2018,4.3000002,18.75225258,0.026169263,11.7,0.623912515,43.38221502,67.3
239,"Congo, Dem. Rep.",COD,2019,4.5,19.1,..,12.5,0.708059013,42.77332121,65.5
240,"Congo, Rep.",COG,2015,25.5,44.18732071,0.70838841,7.615974662,..,107.4114077,37.6
241,"Congo, Rep.",COG,2016,27.4,45.1781311,0.672556252,8.121949323,6.44878239,108.8938839,36.6
242,"Congo, Rep.",COG,2017,29.5,46.12187958,0.630050555,8.65,4.209375353,98.92979331,35.6
243,"Congo, Rep.",COG,2018,31.700001,47.22546768,0.613992586,..,2.50811728,95.34053637,34.7
244,"Congo, Rep.",COG,2019,33.5,48.32972336,..,..,2.748296599,..,35.9
245,Costa Rica,CRI,2015,94.300003,99.409804,1.555343088,59.76295014,0,155.4435575,7.7
246,Costa Rica,CRI,2016,94.699997,99.5,1.649203076,65.88044919,0,170.0362804,7.6
247,Costa Rica,CRI,2017,95,99.6,1.652540276,71.58166462,0,178.5944273,7.5
248,Costa Rica,CRI,2018,95.300003,99.7,1.652184053,73.47972844,0,169.9306983,7.4
249,Costa Rica,CRI,2019,95.5,99.71,..,81.20259644,0,169.3935546,7.2
250,Cote d'Ivoire,CIV,2015,23.4,62.6,0.411605058,38.44000017,1.719446027,109.3922913,65.7
251,Cote d'Ivoire,CIV,2016,25,64.3,0.39122307,41.20781493,1.707463673,115.2314132,64.4
252,Cote d'Ivoire,CIV,2017,26.700001,65.6,0.424757468,43.83992085,1.329599894,129.9121104,62.9
253,Cote d'Ivoire,CIV,2018,28.799999,67.17237091,0.395305384,37.54653613,1.413435448,134.8579514,61.3
254,Cote d'Ivoire,CIV,2019,30.299999,68.55010986,..,36.28895457,1.227480729,145.340692,59.4
255,Croatia,HRV,2015,100,100,3.968023629,69.84503592,1.783240088,104.3182481,4.2
256,Croatia,HRV,2016,100,100,4.058117805,72.69726967,1.621882181,104.888678,4.1
257,Croatia,HRV,2017,100,100,4.238057612,67.09619204,1.665301436,103.1730226,4.1
258,Croatia,HRV,2018,100,100,4.055928762,75.29462599,1.574563806,105.5834549,4
259,Croatia,HRV,2019,100,100,..,79.07978368,1.648867463,106.6423198,3.9
260,Cuba,CUB,2015,79.04,98.67454529,2.427420867,37.30509742,3.083791445,29.45174834,4.5
261,Cuba,CUB,2016,79.44,98.95259857,2.509901097,42.97867519,3.072187925,35.18185629,4.4
262,Cuba,CUB,2017,..,99.23869324,2.262053371,57.14840432,2.872403239,40.68858498,4.3
263,Cuba,CUB,2018,..,99.52880096,2.202300094,62.67892362,2.876207372,47.39153727,4.3
264,Cuba,CUB,2019,..,99.8,..,67.97080866,..,53.31661061,4.2
265,Curacao,CUW,2015,..,100,..,..,..,119.1695809,..
266,Curacao,CUW,2016,..,100,..,61.85551074,..,115.8905198,..
267,Curacao,CUW,2017,..,100,..,68.12721625,..,115.5478188,..
268,Curacao,CUW,2018,..,100,..,..,..,114.5239383,..
269,Curacao,CUW,2019,..,100,..,..,..,112.7349716,..
270,Cyprus,CYP,2015,100,100,5.839858672,71.71574092,1.653213363,130.9823176,2.4
271,Cyprus,CYP,2016,100,100,6.110124091,75.9002054,1.410825734,132.6368741,2.4
272,Cyprus,CYP,2017,100,100,6.188092584,80.74318897,1.583111306,136.1722981,2.3
273,Cyprus,CYP,2018,100,100,6.079400502,84.43358252,1.780485709,137.0450965,2.3
274,Cyprus,CYP,2019,100,100,..,86.06362996,1.609466806,139.994482,2.3
275,Czech Republic,CZE,2015,100,100,9.575140818,75.6688387,0.946582096,117.4805076,2.5
276,Czech Republic,CZE,2016,100,100,9.734693175,76.4811987,0.996128103,117.5742832,2.6
277,Czech Republic,CZE,2017,100,100,9.761725917,78.71917285,0.956655422,118.7512323,2.6
278,Czech Republic,CZE,2018,100,100,9.640704998,80.68816754,1.08885095,119.1135078,2.5
279,Czech Republic,CZE,2019,100,100,..,80.86694441,1.160877615,122.5662254,2.4
280,Denmark,DNK,2015,100,100,5.911867775,96.33050162,1.111446012,124.4441651,3.5
281,Denmark,DNK,2016,100,100,6.176665194,96.96778525,1.147637617,122.300966,3.5
282,Denmark,DNK,2017,100,100,5.78145978,97.09936216,1.138233254,124.5728833,3.4
283,Denmark,DNK,2018,100,100,5.761494164,97.31920437,1.277402227,125.4530064,3.3
284,Denmark,DNK,2019,100,100,..,98.04643475,1.301454919,125.4958526,3.2
285,Djibouti,DJI,2015,8.3999996,57.66145325,0.590810921,22.9,..,34.3930424,54.6
286,Djibouti,DJI,2016,8.8000002,58.74835587,0.52738245,30.8,..,37.15870638,53.1
287,Djibouti,DJI,2017,9.1000004,60.2,0.49782862,55.68140925,..,39.51407638,51.6
288,Djibouti,DJI,2018,9.1000004,60.57155991,0.510989933,58,..,41.19590415,50.1
289,Djibouti,DJI,2019,9.5,61.27593613,..,59,..,42.51057973,48.6
290,Dominica,DMA,2015,83.800003,99.77677155,2.528977871,65,..,108.5287217,27.5
291,Dominica,DMA,2016,83.800003,99.97296906,2.524296352,67.03,..,110.008835,28.7
292,Dominica,DMA,2017,83.900002,100,2.378953261,69.61966879,..,105.2786252,29.7
293,Dominica,DMA,2018,83.599998,100,2.513053919,..,..,105.7884817,30.6
294,Dominica,DMA,2019,83.400002,100,..,..,..,..,31.2
295,Dominican Republic,DOM,2015,89.099998,98.560364,2.280756783,54.21576634,0.643674978,85.56234973,28.8
296,Dominican Republic,DOM,2016,89.599998,98.9,2.352434731,63.87086474,0.634030553,83.75022036,28.8
297,Dominican Republic,DOM,2017,90.099998,100,2.224840963,67.57124533,0.666063444,83.41139781,28.7
298,Dominican Republic,DOM,2018,90.699997,98.9,2.363757648,74.82204836,0.69399111,84.10208352,28.6
299,Dominican Republic,DOM,2019,91.300003,100,..,75.8,0.689583104,83.32379175,28.3
300,Ecuador,ECU,2015,94.199997,98.825883,2.511716305,48.94043379,2.616074159,79.84070461,13.2
301,Ecuador,ECU,2016,94.199997,98.7,2.365516075,54.06292473,2.5147668,84.18035505,12.8
302,Ecuador,ECU,2017,94.099998,99.2,2.249579931,..,2.361263384,87.28679711,12.4
303,Ecuador,ECU,2018,94.099998,98.7,2.3138123,..,2.351887153,92.32327021,12
304,Ecuador,ECU,2019,93.900002,100,..,..,2.233801969,91.24789005,11.6
305,"Egypt, Arab Rep.",EGY,2015,99.800003,99.3,2.444220788,37.81938343,1.723147428,101.7022519,19.8
306,"Egypt, Arab Rep.",EGY,2016,99.900002,100,2.477154638,41.24806709,1.666605152,103.540997,19.1
307,"Egypt, Arab Rep.",EGY,2017,99.900002,100,2.474943902,44.95020425,1.4220317,106.7559394,18.5
308,"Egypt, Arab Rep.",EGY,2018,99.900002,100,2.502042142,46.92433677,1.249966196,95.28659682,17.8
309,"Egypt, Arab Rep.",EGY,2019,99.900002,100,..,57.2828664,1.180971797,94.97170247,17.2
310,El Salvador,SLV,2015,84.599998,95.4,1.106698196,26.80260496,1.056819966,147.5723164,13.3
311,El Salvador,SLV,2016,86,96,1.128043653,28.99707305,1.023502951,151.6211797,12.8
312,El Salvador,SLV,2017,87.300003,96.8,0.998728265,33.8207289,1.044469416,148.3697097,12.3
313,El Salvador,SLV,2018,88.400002,97,1.060625411,43.8,1.128021932,146.9221022,11.9
314,El Salvador,SLV,2019,89.099998,100,..,50.49119319,1.173830536,161.1017373,11.5
315,Equatorial Guinea,GNQ,2015,23.700001,65.99684906,6.110005776,..,1.041432076,45.64013391,67.6
316,Equatorial Guinea,GNQ,2016,23.700001,66.13747406,4.608366984,..,1.237123381,47.37158281,65.6
317,Equatorial Guinea,GNQ,2017,23.799999,66.28614044,4.461144462,..,1.100368826,44.85832828,63.6
318,Equatorial Guinea,GNQ,2018,24.1,66.43882751,5.095625096,..,1.072141334,45.16686721,61.7
319,Equatorial Guinea,GNQ,2019,23.9,66.59217834,..,..,1.312734395,..,60
320,Eritrea,ERI,2015,8.8000002,45.57744598,0.194446721,1.083733116,..,14.20956809,34
321,Eritrea,ERI,2016,8.8999996,46.77131271,0.195465323,1.17711872,..,14.9856792,33.1
322,Eritrea,ERI,2017,9.1999998,47.9732132,0.210964653,1.30890698,..,20.36395515,32.2
323,Eritrea,ERI,2018,9,49.17913818,0.231696216,..,..,..,31.3
324,Eritrea,ERI,2019,9.3000002,50.38573074,..,..,..,..,30.5
325,Estonia,EST,2015,100,100,11.68459648,88.4097035,2.011335173,144.7205063,2.4
326,Estonia,EST,2016,100,100,11.89399524,87.24023275,2.051844371,144.1630523,2.2
327,Estonia,EST,2017,100,100,12.35782429,88.10245687,2.007733521,144.3413244,2.1
328,Estonia,EST,2018,100,100,12.103085,89.35700777,2.008665863,145.4384241,1.9
329,Estonia,EST,2019,100,100,..,90.2289282,2.024018821,147.1771541,1.8
330,Eswatini,SWZ,2015,48,64.1318512,0.932938902,25.64304231,1.805081503,85.23211031,45.2
331,Eswatini,SWZ,2016,49.5,63.43,1.104135211,..,2.098442667,89.31801432,42.6
332,Eswatini,SWZ,2017,51.700001,73.5,0.924602243,..,1.958201682,93.52732251,43.5
333,Eswatini,SWZ,2018,52.599998,74.10943604,0.959275668,..,2.03576227,..,39.4
334,Eswatini,SWZ,2019,54.700001,77.16963959,..,..,1.886147697,..,37.7
335,Ethiopia,ETH,2015,4.0999999,29,0.127732852,13.85517556,0.705413868,41.96106195,43.2
336,Ethiopia,ETH,2016,4.5999999,42.9,0.144300199,15.36692386,0.695462177,49.44236323,41.3
337,Ethiopia,ETH,2017,5.1999998,44.3,0.145300853,18.61805145,0.666369217,37.2180717,39.5
338,Ethiopia,ETH,2018,5.9000001,45.05340195,0.149050931,22,0.63901528,..,38
339,Ethiopia,ETH,2019,6.5999999,48.2716217,..,25,0.587739944,..,36.6
340,Faroe Islands,FRO,2015,..,100,..,94.2,..,110.7427525,..
341,Faroe Islands,FRO,2016,..,100,..,95.10868167,..,113.1069271,..
342,Faroe Islands,FRO,2017,..,100,..,97.58195894,..,117.1484141,..
343,Faroe Islands,FRO,2018,..,100,..,..,..,117.1041508,..
344,Faroe Islands,FRO,2019,..,100,..,..,..,112.9031595,..
345,Fiji,FJI,2015,40.099998,95.12813568,1.738365614,42.5,0.910146352,111.2042338,20.6
346,Fiji,FJI,2016,42.400002,96.5249939,1.99448422,46.50697831,1.103793033,119.7485325,21.1
347,Fiji,FJI,2017,44.799999,96,2.062772092,49.96637301,1.404844224,117.8305767,21.5
348,Fiji,FJI,2018,47.200001,99.33879089,2.150561976,..,1.467606861,..,22.1
349,Fiji,FJI,2019,49.599998,100,..,..,1.464098153,..,22.6
350,Finland,FIN,2015,100,100,7.814537412,86.42213333,1.449960972,134.9395252,2
351,Finland,FIN,2016,100,100,8.318012674,87.70364996,1.419652626,131.3291545,2
352,Finland,FIN,2017,100,100,7.808338601,87.46892907,1.353498604,129.9132285,2
353,Finland,FIN,2018,100,100,8.04275205,88.88996,1.362212408,129.4685668,1.9
354,Finland,FIN,2019,100,100,..,89.60738511,1.347711136,129.2443669,1.9
355,France,FRA,2015,100,100,4.666086597,78.00603771,1.872258281,103.4564614,3.2
356,France,FRA,2016,100,100,4.686612202,79.26981132,1.917282368,104.4897355,3.2
357,France,FRA,2017,100,100,4.727575622,80.50245972,1.908642012,106.4394347,3.3
358,France,FRA,2018,100,100,4.619241205,82.04318678,1.845053399,108.357357,3.4
359,France,FRA,2019,100,100,..,83.33974409,1.845491196,110.6100121,3.4
360,French Polynesia,PYF,2015,..,100,..,64.56020975,..,98.24621784,..
361,French Polynesia,PYF,2016,..,100,..,68.44041949,..,102.0162069,..
362,French Polynesia,PYF,2017,..,100,..,72.70389531,..,104.2509652,..
363,French Polynesia,PYF,2018,..,100,..,..,..,109.0010408,..
364,French Polynesia,PYF,2019,..,100,..,..,..,..,..
365,Gabon,GAB,2015,85.699997,87.32967377,2.813589432,45.78453653,1.185025608,144.8670371,36.1
366,Gabon,GAB,2016,86.300003,88.16036987,2.843792613,48.05227375,1.447542623,147.543495,34.6
367,Gabon,GAB,2017,87,86.27,2.276236287,50.32012015,1.810489535,128.9816609,33.7
368,Gabon,GAB,2018,87.599998,89.84184265,2.175272204,59.6,1.548722767,138.2809687,32.5
369,Gabon,GAB,2019,87.900002,90.68525696,..,61,1.580901717,137.75384,31.5
370,"Gambia, The",GMB,2015,1.8,54.44612503,0.254091837,19.7,1.008858467,130.1943563,39.7
371,"Gambia, The",GMB,2016,1.8,55.99819565,0.246610961,25,..,132.0589763,38.6
372,"Gambia, The",GMB,2017,1.6,56.2,0.243913456,32,..,133.9723898,37.5
373,"Gambia, The",GMB,2018,1.5,60.3,0.249989913,40,0.702928018,139.5290282,36.5
374,"Gambia, The",GMB,2019,1.4,59.92128754,..,51,0.814318637,110.0953015,35.6
375,Georgia,GEO,2015,79.400002,100,2.469615674,47.56975964,2.00294589,137.9343335,9.4
376,Georgia,GEO,2016,82,100,2.58886306,58.45928961,2.081640315,137.7647586,9.1
377,Georgia,GEO,2017,84.599998,100,2.583151735,59.7055046,1.969742969,137.2607838,8.8
378,Georgia,GEO,2018,86.199997,99.9,2.538541691,62.7179082,1.897113157,136.380667,8.7
379,Georgia,GEO,2019,88.199997,100,..,68.84670565,1.749924308,134.6603816,8.4
380,Germany,DEU,2015,100,100,9.087290939,87.58979935,1.137338427,117.8176431,3.3
381,Germany,DEU,2016,100,100,9.073006389,84.16520664,1.149654485,125.8854564,3.3
382,Germany,DEU,2017,100,100,8.858293699,84.3941537,1.154049407,132.7148699,3.3
383,Germany,DEU,2018,100,100,8.558389812,87.03711209,1.171816792,129.3242137,3.2
384,Germany,DEU,2019,100,100,..,88.13451691,1.269146867,128.3570318,3.2
385,Ghana,GHA,2015,20.799999,74.17105103,0.543283052,23,0.526514224,125.7069529,38.8
386,Ghana,GHA,2016,21.4,79.3,0.495401526,28,0.38237993,134.4889824,37.4
387,Ghana,GHA,2017,21.700001,79,0.507529429,37.88415262,0.401629021,126.2016214,36.2
388,Ghana,GHA,2018,22.200001,80.4,0.541201382,43,0.419660326,137.5171658,35
389,Ghana,GHA,2019,22.6,83.5,..,53,0.441936078,134.3193846,34
390,Gibraltar,GIB,2015,..,100,..,..,..,122.8391036,..
391,Gibraltar,GIB,2016,..,100,..,94.44447158,..,121.9314106,..
392,Gibraltar,GIB,2017,..,100,..,..,..,121.6644924,..
393,Gibraltar,GIB,2018,..,100,..,..,..,121.7302331,..
394,Gibraltar,GIB,2019,..,100,..,..,..,120.2842646,..
395,Greece,GRC,2015,100,100,6.285069342,66.83495949,2.466920999,117.8887779,3.8
396,Greece,GRC,2016,100,100,6.203617289,69.08791547,2.575917794,118.122548,3.9
397,Greece,GRC,2017,100,100,6.211250006,69.89297065,2.559893896,122.4009386,3.8
398,Greece,GRC,2018,100,100,6.08317505,72.23837339,2.713889458,115.6669118,3.7
399,Greece,GRC,2019,100,100,..,75.67120669,2.664580485,113.4494873,3.7
400,Greenland,GRL,2015,..,100,..,67.60044348,..,108.2001525,..
401,Greenland,GRL,2016,..,100,..,68.50087368,..,..,..
402,Greenland,GRL,2017,..,100,..,69.48246178,..,110.3379898,..
403,Greenland,GRL,2018,..,100,..,..,..,108.5390001,..
404,Greenland,GRL,2019,..,100,..,..,..,108.7944664,..
405,Grenada,GRD,2015,91.099998,92.20235443,2.46343622,53.81,..,109.2774569,14.3
406,Grenada,GRD,2016,90.599998,93.19223785,2.539383111,55.85640782,..,107.9012525,14.5
407,Grenada,GRD,2017,90.099998,94.09955597,2.615581651,59.07173536,..,102.0771326,14.6
408,Grenada,GRD,2018,89.699997,94.82138824,2.691814193,..,..,104.2439033,14.7
409,Grenada,GRD,2019,89.099998,95.42874146,..,..,..,..,14.7
410,Guam,GUM,2015,..,100,..,73.13999995,..,..,..
411,Guam,GUM,2016,..,100,..,77.00999989,..,..,..
412,Guam,GUM,2017,..,100,..,80.50546556,..,..,..
413,Guam,GUM,2018,..,100,..,..,..,..,..
414,Guam,GUM,2019,..,100,..,..,..,..,..
415,Guatemala,GTM,2015,43.200001,90.49639893,1.049628073,28.80594156,0.432011238,111.4995795,23.7
416,Guatemala,GTM,2016,44.5,91.79523468,1.103130021,34.50932609,0.464536552,110.1395181,22.9
417,Guatemala,GTM,2017,45.900002,93.3,1.026267857,40.70304908,0.402560936,118.1585424,22.2
418,Guatemala,GTM,2018,47.5,94.41300964,1.113969273,..,0.390612897,118.6670871,21.4
419,Guatemala,GTM,2019,48.799999,95.72457123,..,44.40104984,0.465831692,118.7279996,20.7
420,Guinea,GIN,2015,1,33.9978981,0.222181479,8.2,2.517735345,94.15602819,68.4
421,Guinea,GIN,2016,1.1,33.5,0.241088377,9.8,1.88205381,94.64639604,67.1
422,Guinea,GIN,2017,1.3,35.4,0.246115273,11.40002077,1.768122506,96.95447755,66
423,Guinea,GIN,2018,1.4,44,0.251323233,21.83002304,1.636814205,96.76749212,64.7
424,Guinea,GIN,2019,1.6,42.41838837,..,23,1.445135682,100.7967429,63.4
425,Guinea-Bissau,GNB,2015,1.1,20.14110756,0.161178259,..,1.625961245,71.29240008,60
426,Guinea-Bissau,GNB,2016,1.1,23.04921532,0.168309177,17,1.335409609,72.13911508,58.1
427,Guinea-Bissau,GNB,2017,1.1,26,0.164100679,18,1.424578577,78.4851311,56.3
428,Guinea-Bissau,GNB,2018,1.1,28.51482964,0.165394728,22,1.411144551,78.9888828,54.6
429,Guinea-Bissau,GNB,2019,1.1,31.0404129,..,28,1.652794305,82.79258606,53
430,Guyana,GUY,2015,71,88.08779907,2.671242962,34,1.452213332,70.70307206,27.4
431,Guyana,GUY,2016,72.800003,89.25455475,2.994698994,35.66,1.476476872,75.79508095,26.6
432,Guyana,GUY,2017,74.5,90.33874512,2.992706568,37.32583679,1.650397728,82.97107151,25.9
433,Guyana,GUY,2018,75.699997,91.23745728,3.13219265,..,1.593320009,..,25.2
434,Guyana,GUY,2019,76.800003,92.02169037,..,..,1.60417879,..,24.5
435,Haiti,HTI,2015,4,40.75870895,0.31040976,12.1977,0.000887538,68.25273558,52.8
436,Haiti,HTI,2016,4,40.4,0.313653831,12.23260161,0.000846301,60.0002583,51.5
437,Haiti,HTI,2017,4.1999998,43.34903336,0.306855526,31,0.00088103,57.41806456,50.3
438,Haiti,HTI,2018,4.1999998,44.41743088,0.299374738,32.47362713,0.001500802,59.3614343,49
439,Haiti,HTI,2019,4.3000002,45.37134552,..,32.5,0.001394213,60.7594177,47.8
440,Honduras,HND,2015,44.599998,89.98171,1.083079554,27.1,1.67127565,88.31847018,16.5
441,Honduras,HND,2016,44.5,91.6,1.013936886,29.5,1.664701304,84.48900013,16
442,Honduras,HND,2017,44.700001,86.5,0.954500448,32.13636364,1.724405178,87.32089987,15.4
443,Honduras,HND,2018,44.599998,91.6,1.019032757,..,1.607694472,79.15031642,14.9
444,Honduras,HND,2019,44.900002,92.77952576,..,..,1.623597965,77.56759949,14.4
445,"Hong Kong SAR, China",HKG,2015,..,100,..,84.94835296,..,232.7365615,..
446,"Hong Kong SAR, China",HKG,2016,..,100,..,87.47941467,..,242.7675438,..
447,"Hong Kong SAR, China",HKG,2017,..,100,..,89.41594465,..,251.7650057,..
448,"Hong Kong SAR, China",HKG,2018,..,100,..,90.50739533,..,269.9337198,..
449,"Hong Kong SAR, China",HKG,2019,..,100,..,91.74340039,..,288.5327012,..
450,Hungary,HUN,2015,100,100,4.407180392,72.83473703,0.90544456,101.2544484,4.2
451,Hungary,HUN,2016,100,100,4.532290173,79.25941213,1.003106301,102.0406696,4
452,Hungary,HUN,2017,100,100,4.755839977,76.75054712,1.026657623,102.2119005,3.7
453,Hungary,HUN,2018,100,100,4.745506244,76.07436064,1.116641387,103.4451716,3.5
454,Hungary,HUN,2019,100,100,..,80.37169361,1.254386294,106.0716003,3.4
455,IBRD only,IBD,2015,66.51569016,95.21833189,4.260951375,39.14511334,1.92918484,100.1674819,21.27567129
456,IBRD only,IBD,2016,68.24218839,95.87477572,4.232884213,42.18583819,1.948179955,104.7313626,20.39302953
457,IBRD only,IBD,2017,69.88358476,96.82035819,4.286637075,45.01081732,1.893708026,107.9372405,19.48147506
458,IBRD only,IBD,2018,71.79092488,97.63929486,4.373767894,48.39702339,1.833528194,109.2501298,18.65317758
459,IBRD only,IBD,2019,73.48313008,98.50517648,..,57.8990345,1.855624218,111.7666753,17.90499767
460,Iceland,ISL,2015,100,100,6.227045327,98.2,..,116.2534861,1.8
461,Iceland,ISL,2016,100,100,6.171017681,98.2400163,..,120.8927593,1.8
462,Iceland,ISL,2017,100,100,6.319161328,98.25520119,..,119.9878586,1.7
463,Iceland,ISL,2018,100,100,6.237224322,99.01095399,..,122.1696222,1.6
464,Iceland,ISL,2019,100,100,..,99,..,121.9493203,1.6
465,India,IND,2015,48.5,88,1.641198393,14.9,2.457450601,76.40759943,34.9
466,India,IND,2016,51.900002,89.53488159,1.648359053,16.5,2.543151188,85.14868348,33.1
467,India,IND,2017,55.700001,92.45683289,1.7191902,18.2,2.531462588,87.31773719,31.4
468,India,IND,2018,59.900002,95.19329834,1.799825446,20.08130004,2.433922067,86.94256319,29.8
469,India,IND,2019,64.199997,97.81528473,..,41,2.519120764,84.27000876,28.3
470,Indonesia,IDN,2015,67.5,97.53736744,1.899658692,22.0627426,0.882266734,131.1804585,23.2
471,Indonesia,IDN,2016,71.699997,97.62,1.89244089,25.4473537,0.792220213,147.4150225,22.4
472,Indonesia,IDN,2017,75.5,98.14,2.01367107,32.33580625,0.865191376,164.44059,21.6
473,Indonesia,IDN,2018,79.099998,98.51,2.178461553,39.90463864,0.725001628,119.3387219,20.8
474,Indonesia,IDN,2019,82.400002,98.85,..,47.69064898,0.804335324,126.1069128,20.2
475,"Iran, Islamic Rep.",IRN,2015,97,99.96,7.672481325,45.33497615,2.760311749,94.55563842,13.3
476,"Iran, Islamic Rep.",IRN,2016,96.900002,99.95,7.613494401,53.22677167,2.972793279,101.2018754,12.8
477,"Iran, Islamic Rep.",IRN,2017,96.699997,99.94,7.694930979,64.04397362,3.105184169,107.8997933,12.4
478,"Iran, Islamic Rep.",IRN,2018,96.800003,100,7.693012599,70.200565,2.456250505,108.4623938,11.9
479,"Iran, Islamic Rep.",IRN,2019,96.5,100,..,77.77083846,2.100567132,142.3903718,11.5
480,Iraq,IRQ,2015,98.099998,99.35511017,4.559450509,16.8,5.410251036,94.34036257,24.8
481,Iraq,IRQ,2016,98.400002,99.65268707,4.70764886,36.7,3.503377806,91.35870695,24.1
482,Iraq,IRQ,2017,98.599998,99.83660889,4.641199885,49.35999889,3.862032019,88.98326332,23.4
483,Iraq,IRQ,2018,98.800003,99.9,4.895195361,..,2.851599465,95.04015497,22.7
484,Iraq,IRQ,2019,99,100,..,..,3.38219585,94.69591577,22
485,Ireland,IRL,2015,100,100,7.866937107,83.49479167,0.34201587,105.3646002,3.2
486,Ireland,IRL,2016,100,100,8.140330807,83.5,0.334441788,103.8191107,3.1
487,Ireland,IRL,2017,100,100,7.806734135,84.11400706,0.304141143,103.0630014,3
488,Ireland,IRL,2018,100,100,7.624325193,87.00014011,0.286862382,103.1710486,2.8
489,Ireland,IRL,2019,100,100,..,87.00005524,0.279145286,105.6900007,2.7
490,Isle of Man,IMN,2015,..,100,..,..,..,..,..
491,Isle of Man,IMN,2016,..,100,..,..,..,..,..
492,Isle of Man,IMN,2017,..,100,..,..,..,..,..
493,Isle of Man,IMN,2018,..,100,..,..,..,..,..
494,Isle of Man,IMN,2019,..,100,..,..,..,..,..
495,Israel,ISR,2015,100,100,7.892507249,77.35208966,5.509027525,132.4812089,3.2
496,Israel,ISR,2016,100,100,7.636321086,79.65312418,5.485117167,130.3492361,3.1
497,Israel,ISR,2017,100,100,7.579217977,81.58118359,5.52874121,127.8529153,3
498,Israel,ISR,2018,100,100,6.976403837,83.73315696,5.33188467,127.6618693,3
499,Israel,ISR,2019,100,100,..,86.78787762,5.19293283,137.3339858,3
500,Italy,ITA,2015,100,100,5.56325971,58.14173496,1.208228326,144.756385,3
501,Italy,ITA,2016,100,100,5.498165205,61.32425277,1.334835252,141.6939815,2.9
502,Italy,ITA,2017,100,100,5.437857549,63.077347,1.357370559,138.2337679,2.8
503,Italy,ITA,2018,100,100,5.376374339,74.38718292,1.359542751,137.466947,2.7
504,Italy,ITA,2019,100,100,..,76.1,1.316566978,131.2645046,2.6
505,Jamaica,JAM,2015,85.400002,94.9,2.521597884,42.22122119,0.872496467,108.5157458,13.4
506,Jamaica,JAM,2016,85.199997,96.7452774,2.666674007,44.36685637,0.954824792,112.4252814,13
507,Jamaica,JAM,2017,84.599998,97.62187195,2.461613887,55.07206705,0.972264314,105.8330321,12.6
508,Jamaica,JAM,2018,83.900002,98.50248718,2.899634155,68.21451709,1.349094107,101.0265271,12.2
509,Jamaica,JAM,2019,83.199997,99.3837738,..,..,1.68726606,102.5640043,11.8
510,Japan,JPN,2015,100,100,9.292832367,91.05802839,0.95925133,125.4518632,2
511,Japan,JPN,2016,100,100,9.22394197,93.18272128,0.944838286,130.5952482,2
512,Japan,JPN,2017,100,100,9.085639143,91.72654724,0.931980259,135.5186644,1.9
513,Japan,JPN,2018,100,100,8.74225771,91.28,0.940993692,141.4069924,1.9
514,Japan,JPN,2019,100,100,..,92.73039781,0.937281087,147.0232275,1.8
515,Jordan,JOR,2015,99.900002,99.96422577,2.73671831,60.11438269,4.259212039,148.9004082,15
516,Jordan,JOR,2016,99.900002,99.99480438,2.601973606,62.30219257,4.514193317,102.7648325,14.6
517,Jordan,JOR,2017,99.900002,100,2.667119021,66.79031443,4.764903297,99.15637314,14.1
518,Jordan,JOR,2018,99.900002,99.9,2.478595273,..,4.635771938,87.62148885,13.7
519,Jordan,JOR,2019,99.900002,100,..,..,4.642062722,77.00460933,13.3
520,Kazakhstan,KAZ,2015,96.300003,100,11.77918743,70.8299336,1.109721439,149.7227182,10.6
521,Kazakhstan,KAZ,2016,96.599998,100,12.5333995,74.58772647,0.933551765,143.2053265,9.8
522,Kazakhstan,KAZ,2017,96.900002,100,12.50486756,76.42674823,0.831895002,147.6397785,9.4
523,Kazakhstan,KAZ,2018,97.300003,100,12.06196914,78.90391906,0.876907255,142.2824428,9.2
524,Kazakhstan,KAZ,2019,97.599998,100,..,81.87762047,1.062379366,138.6292278,9
525,Kenya,KEN,2015,11.4,41.6,0.356946384,16.58785485,1.318070261,78.77455056,35.2
526,Kenya,KEN,2016,12.8,53.1,0.3826588,16.6,1.348739783,79.47190398,34.4
527,Kenya,KEN,2017,14.1,56.09143066,0.376136379,17.82710021,1.289110978,85.25315693,33.7
528,Kenya,KEN,2018,15.6,61.43641663,0.358028408,19.5,1.266408803,96.32021675,32.7
529,Kenya,KEN,2019,17,69.7,..,22.56511937,1.16769139,103.7690208,32
530,Kiribati,KIR,2015,6.1999998,90.55818141,0.540896265,12.99748389,..,36.9602452,44.7
531,Kiribati,KIR,2016,7.0999999,93.63700867,0.71092785,13.7,..,46.21236358,43.6
532,Kiribati,KIR,2017,7.9000001,98.6,0.70081382,14.58181818,..,40.4027751,42.6
533,Kiribati,KIR,2018,8.8999996,99.22225952,0.690595812,..,..,46.04176198,41.4
534,Kiribati,KIR,2019,10.2,100,..,..,..,46.47551996,40.3
535,"Korea, Dem. People's Rep.",PRK,2015,8.3999996,40.31616211,1.004612801,..,..,12.86539662,16
536,"Korea, Dem. People's Rep.",PRK,2016,9,42.57210541,1.188967848,..,..,14.24864759,15.1
537,"Korea, Dem. People's Rep.",PRK,2017,9.6000004,44.83608627,0.880069286,..,..,14.98240747,14.4
538,"Korea, Dem. People's Rep.",PRK,2018,10.3,47.10408783,0.709208588,..,..,..,13.7
539,"Korea, Dem. People's Rep.",PRK,2019,10.8,49.37275696,..,..,..,..,13.1
540,"Korea, Rep.",KOR,2015,100,100,11.88886857,89.8962558,2.494981214,115.9612246,3
541,"Korea, Rep.",KOR,2016,100,100,12.00324817,92.84302568,2.459578022,120.2263275,2.9
542,"Korea, Rep.",KOR,2017,100,100,12.17536474,95.06942188,2.421489133,124.5854293,2.8
543,"Korea, Rep.",KOR,2018,100,100,12.22459136,96.02285958,2.503035257,129.6727883,2.8
544,"Korea, Rep.",KOR,2019,100,100,..,96.15757918,2.673128162,134.4892665,2.7
545,Kosovo,XKX,2015,..,99.86,..,..,0.776151353,..,..
546,Kosovo,XKX,2016,..,99.8,..,..,0.773667433,..,..
547,Kosovo,XKX,2017,..,99.8,..,83.89359681,0.795720484,..,..
548,Kosovo,XKX,2018,..,100,..,89.44303197,0.797914334,..,..
549,Kosovo,XKX,2019,..,100,..,..,0.826154037,..,..
550,Kuwait,KWT,2015,100,100,22.9534559,78,5.007568172,199.832125,7.5
551,Kuwait,KWT,2016,100,100,22.71496959,78.36738376,5.893528357,193.571063,7.4
552,Kuwait,KWT,2017,100,100,22.11975932,97.99998933,5.607460681,176.0024349,7.4
553,Kuwait,KWT,2018,100,100,21.62272431,99.59884959,5.099953149,171.6053322,7.5
554,Kuwait,KWT,2019,100,100,..,99.54267645,5.484195624,174.1593403,7.5
555,Kyrgyz Republic,KGZ,2015,76.400002,98.69,1.7240511,30.24704278,1.752024087,127.1905538,19.9
556,Kyrgyz Republic,KGZ,2016,76.699997,99.71,1.595525948,37,1.697389571,125.3393872,18.9
557,Kyrgyz Republic,KGZ,2017,76.5,100,1.506889097,38.19903776,1.576011089,136.8066442,18
558,Kyrgyz Republic,KGZ,2018,76.599998,100,1.73973556,..,1.571122175,138.5660601,17.1
559,Kyrgyz Republic,KGZ,2019,76.699997,99.88175201,..,..,1.55869225,134.3947411,16.4
560,Lao PDR,LAO,2015,5.6999998,89.7,1.284645373,18.2,..,55.28959094,42.1
561,Lao PDR,LAO,2016,6.1999998,90.77253723,2.243695741,21.87,..,57.82353269,40.5
562,Lao PDR,LAO,2017,6.8000002,93.6,2.662148349,25.51043508,..,53.38406897,39.1
563,Lao PDR,LAO,2018,7.1999998,98.07460022,2.660908493,..,..,51.86337704,37.8
564,Lao PDR,LAO,2019,7.9000001,100,..,..,..,60.84399721,36.5
565,Latvia,LVA,2015,100,100,3.701592949,79.20058292,1.037829348,129.6507839,4.3
566,Latvia,LVA,2016,100,100,3.648821125,79.84209778,1.450693304,134.240928,4
567,Latvia,LVA,2017,100,100,3.665855236,80.114077,1.594821503,126.2941822,3.8
568,Latvia,LVA,2018,100,100,3.959165078,83.57717486,2.062277415,107.3489247,3.6
569,Latvia,LVA,2019,100,100,..,86.13545644,2.028669033,108.6572233,3.5
570,Lebanon,LBN,2015,..,100,4.140719561,74,4.486884345,71.29772813,7.1
571,Lebanon,LBN,2016,..,100,4.141917802,76.11,5.062663113,63.70068515,6.8
572,Lebanon,LBN,2017,..,100,4.293649871,78.18077489,4.505139801,64.50864324,6.6
573,Lebanon,LBN,2018,..,100,4.039707217,..,4.952761494,64.49805872,6.4
574,Lebanon,LBN,2019,..,100,..,..,4.707900587,61.81650253,6.2
575,Lesotho,LSO,2015,36.5,31.78407669,1.083044238,25,1.733428072,103.9397364,72.6
576,Lesotho,LSO,2016,37.299999,35.18151093,1.093954288,32.45385695,1.77949879,110.0185058,72.9
577,Lesotho,LSO,2017,38,33.7,1.166608974,39,1.953055612,113.8305187,73.1
578,Lesotho,LSO,2018,39,47,1.218975994,40.8,1.788602874,75.0424507,72.1
579,Lesotho,LSO,2019,39.400002,44.64067841,..,42.30173357,1.622520184,79.12569144,71.4
580,Liberia,LBR,2015,0.2,15.52771091,0.281738703,10,1.051498096,81.65948531,64.4
581,Liberia,LBR,2016,0.2,17.7,0.307404659,15.7,1.062638322,67.95610958,63.1
582,Liberia,LBR,2017,0.2,24.2,0.267958311,16.3,0.94000927,56.56895266,62
583,Liberia,LBR,2018,0.2,24.81807899,0.273917114,18.9,1.190659897,..,60.8
584,Liberia,LBR,2019,0.2,27.64920998,..,22,1.401492875,..,59.5
585,Libya,LBY,2015,..,73.4978714,8.388494488,19.01607978,..,151.8635343,11.4
586,Libya,LBY,2016,..,71.91355133,7.883354692,20.27215956,..,117.9894772,11
587,Libya,LBY,2017,..,70.33727264,8.632790044,21.75892062,..,91.4792962,10.6
588,Libya,LBY,2018,..,67,8.825249137,..,..,..,10.2
589,Libya,LBY,2019,..,68.53218842,..,..,..,..,9.9
590,Liechtenstein,LIE,2015,..,100,4.270652609,96.6411951,..,109.2874299,..
591,Liechtenstein,LIE,2016,..,100,3.983534723,98.09390389,..,117.6323756,..
592,Liechtenstein,LIE,2017,..,100,4.232244412,99.54661245,..,122.7566138,..
593,Liechtenstein,LIE,2018,..,100,3.692177857,..,..,124.695331,..
594,Liechtenstein,LIE,2019,..,100,..,..,..,125.5898367,..
595,Lithuania,LTU,2015,100,100,3.810789319,71.37805901,1.137748174,142.7088762,4
596,Lithuania,LTU,2016,100,100,3.904845879,74.37664556,1.477505872,145.513378,3.9
597,Lithuania,LTU,2017,100,100,3.966902878,77.61525651,1.712070468,153.2757272,3.6
598,Lithuania,LTU,2018,100,100,4.137005929,79.72258277,1.967419142,163.8703457,3.3
599,Lithuania,LTU,2019,100,100,..,81.58186838,2.007150696,168.8207501,2.9
600,Luxembourg,LUX,2015,100,100,16.02867957,96.37671417,0.499754077,142.3577966,2.3
601,Luxembourg,LUX,2016,100,100,15.22300151,98.13669867,0.452817698,131.8915037,2.3
602,Luxembourg,LUX,2017,100,100,15.09216281,97.36296032,0.580999597,134.1420148,2.3
603,Luxembourg,LUX,2018,100,100,15.33020808,97.06129871,0.586416144,132.1649331,2.3
604,Luxembourg,LUX,2019,100,100,..,97.12063569,0.637730518,135.7577766,2.3
605,"Macao SAR, China",MAC,2015,..,100,..,77.60013186,..,314.9218134,..
606,"Macao SAR, China",MAC,2016,..,100,..,81.64298546,..,321.4517424,..
607,"Macao SAR, China",MAC,2017,..,100,..,83.17408907,..,328.7904463,..
608,"Macao SAR, China",MAC,2018,..,100,..,83.79408961,..,345.3245224,..
609,"Macao SAR, China",MAC,2019,..,100,..,86.46792571,..,..,..
610,Madagascar,MDG,2015,0.89999998,20.5437088,0.136997154,4.17397219,0.604796547,44.12695456,41.3
611,Madagascar,MDG,2016,0.80000001,22.9,0.129346515,4.713662899,0.594003322,32.12876245,40.3
612,Madagascar,MDG,2017,0.80000001,24.1,0.13687642,..,0.58002235,34.14284,39.3
613,Madagascar,MDG,2018,0.89999998,25.51556015,0.128320761,15,0.605686111,40.57034123,38.2
614,Madagascar,MDG,2019,0.89999998,26.9071846,..,..,0.62397202,..,37.2
615,Malawi,MWI,2015,2.2,10.8,0.071661878,7.6,0.634771027,39.21521754,36.7
616,Malawi,MWI,2016,2.2,11,0.079045626,8,0.641960496,41.72202909,34.6
617,Malawi,MWI,2017,2.0999999,12.7,0.084888716,13.78216439,0.764642848,43.98651266,32.8
618,Malawi,MWI,2018,2,18.02,0.086533726,13.9,0.847025846,39.00579484,31.4
619,Malawi,MWI,2019,1.9,11.2,..,15.5,1.124097445,47.78113633,30.1
620,Malaysia,MYS,2015,97,100,7.682279042,71.06406781,1.503898666,145.6973848,6.9
621,Malaysia,MYS,2016,96.900002,100,7.451282159,78.78830993,1.384335563,141.6489819,7
622,Malaysia,MYS,2017,96.699997,100,7.165808462,80.14047901,1.100864726,136.1163217,7.1
623,Malaysia,MYS,2018,96.400002,100,7.600220413,81.20104862,0.96066525,134.5259947,7.2
624,Malaysia,MYS,2019,96.099998,100,..,84.18714501,1.033022625,139.5962795,7.3
625,Maldives,MDV,2015,97.900002,99.79016113,2.967593875,54.46195515,..,162.6215886,8.4
626,Maldives,MDV,2016,98.199997,100,3.680297789,59.09258997,..,170.7902219,7.7
627,Maldives,MDV,2017,98.599998,99.8,3.666412838,63.18566588,..,181.3288423,7.1
628,Maldives,MDV,2018,98.800003,100,3.703674976,..,..,166.3642921,6.5
629,Maldives,MDV,2019,99.099998,100,..,..,..,155.9539168,6
630,Mali,MLI,2015,0.89999998,37.6,0.195541292,10.33,2.360162267,130.1634495,66.8
631,Mali,MLI,2016,0.89999998,38.86705399,0.24602782,11.11218649,2.587226876,112.5365904,65.1
632,Mali,MLI,2017,0.89999998,34.78,0.272789703,15.6,3.026635517,119.0233265,63.4
633,Mali,MLI,2018,0.89999998,50.9,0.294583928,23,2.806944707,115.0846727,61.8
634,Mali,MLI,2019,0.89999998,48.02124786,..,26,2.713526371,116.6214561,60.3
635,Malta,MLT,2015,100,100,3.70742361,75.96001898,0.467203717,120.8972712,5.7
636,Malta,MLT,2016,100,100,2.964713323,78.0751488,0.510420195,134.252242,5.7
637,Malta,MLT,2017,100,100,3.247870188,81.01191108,0.490383374,138.093955,5.7
638,Malta,MLT,2018,100,100,3.198316241,81.65804429,0.452927414,140.2039395,5.7
639,Malta,MLT,2019,100,100,..,85.77856081,0.554908055,144.0568429,5.7
640,Marshall Islands,MHL,2015,62.799999,92.5827179,2.611238772,19.2824418,..,26.98514946,29.1
641,Marshall Islands,MHL,2016,63.799999,93.39620972,3.118341043,29.78777936,..,..,28.4
642,Marshall Islands,MHL,2017,64.199997,94.21553802,3.100614955,38.70116262,..,27.55864825,27.7
643,Marshall Islands,MHL,2018,64.800003,95.82923126,3.252756283,..,..,..,26.9
644,Marshall Islands,MHL,2019,65.099998,97.44360352,..,..,..,..,26.3
645,Mauritania,MRT,2015,43.5,39.5,0.729060397,15.19912669,2.103123669,90.06949804,55
646,Mauritania,MRT,2016,43.299999,41.33416367,0.674907747,18,2.090786149,86.80541261,53.8
647,Mauritania,MRT,2017,43.299999,42.9,0.887315176,20.80096366,2.042273411,95.13345958,52.6
648,Mauritania,MRT,2018,43.299999,44.29382706,0.908407126,..,2.112482087,103.7060504,51.5
649,Mauritania,MRT,2019,43.400002,45.81206894,..,..,1.980663209,104.090067,50.2
650,Mauritius,MUS,2015,100,99.4298172,3.136372817,50.13931848,0.146135699,139.9254916,12.8
651,Mauritius,MUS,2016,100,99.54343414,3.197535681,52.19132594,0.179867285,143.755473,12.8
652,Mauritius,MUS,2017,100,99.61,3.305359031,55.4032403,0.171040746,145.4726338,13.2
653,Mauritius,MUS,2018,100,99.42006683,3.264040313,58.5961697,0.162491818,151.3591149,13.7
654,Mauritius,MUS,2019,100,100,..,61.72995515,0.155938299,147.0148102,14.3
655,Mexico,MEX,2015,84.599998,99,3.87819451,57.43104299,0.466676122,88.37175565,13.9
656,Mexico,MEX,2016,84.699997,99.5,3.885809372,59.540446,0.495064414,90.59237542,13.5
657,Mexico,MEX,2017,84.699997,100,3.781215828,63.85224909,0.436510296,91.62670695,13
658,Mexico,MEX,2018,84.699997,99.5,3.741477725,65.77263448,0.477517407,95.2316028,12.6
659,Mexico,MEX,2019,84.800003,100,..,70.06991047,0.52348249,95.66159745,12.2
660,"Micronesia, Fed. Sts.",FSM,2015,12.3,74.47687531,1.377587569,31.50108128,..,20.66669728,24.2
661,"Micronesia, Fed. Sts.",FSM,2016,12.5,76.57017517,1.542439777,33.35216255,..,21.24211768,23.5
662,"Micronesia, Fed. Sts.",FSM,2017,12.5,78.58091736,1.525197154,35.30405287,..,20.73767035,22.7
663,"Micronesia, Fed. Sts.",FSM,2018,12.4,80.40616608,1.598011364,..,..,..,22.1
664,"Micronesia, Fed. Sts.",FSM,2019,12.5,82.11694336,..,..,..,..,21.5
665,Moldova,MDA,2015,94.900002,100,2.829393233,69.00000447,0.297625495,91.21617904,13.6
666,Moldova,MDA,2016,95.199997,100,2.904891566,70.99999911,0.340329873,93.17465849,13.3
667,Moldova,MDA,2017,95.300003,99.98,2.961717622,76.12451989,0.319318626,92.28905501,13.1
668,Moldova,MDA,2018,95.599998,99.99,3.171832063,..,0.32637511,89.75768174,12.9
669,Moldova,MDA,2019,95.699997,100,..,..,0.355073047,89.37944428,12.7
670,Monaco,MCO,2015,100,100,..,93.36330202,..,90.19566255,2.9
671,Monaco,MCO,2016,100,100,..,95.20817797,..,87.46256895,2.8
672,Monaco,MCO,2017,100,100,..,97.05297684,..,85.89810377,2.7
673,Monaco,MCO,2018,100,100,..,..,..,84.50700584,2.6
674,Monaco,MCO,2019,100,100,..,..,..,86.70311056,2.5
675,Mongolia,MNG,2015,44.099998,88.05883789,5.769680363,22.50000413,0.865841302,102.3251098,16.6
676,Mongolia,MNG,2016,46.200001,91.00872803,5.944984194,22.2657705,0.863495191,110.1823278,15.9
677,Mongolia,MNG,2017,47.599998,93.87606049,6.252834169,23.71426517,0.765300911,124.805205,15.1
678,Mongolia,MNG,2018,49.799999,98.1,6.725098053,47.13000188,0.730921186,133.1783386,14.4
679,Mongolia,MNG,2019,51.599998,99.12526703,..,51.07999408,0.707609532,137.0136492,13.8
680,Montenegro,MNE,2015,61.5,100,3.793242563,68.11978601,1.40371624,160.7592877,3.3
681,Montenegro,MNE,2016,61.599998,100,3.390631252,69.88164684,1.411279816,165.9184968,3
682,Montenegro,MNE,2017,61.900002,100,3.583060319,71.27233254,1.362776386,166.4651995,2.6
683,Montenegro,MNE,2018,62.099998,100,4.049968902,71.51710049,1.43362923,180.6938097,2.4
684,Montenegro,MNE,2019,62.200001,100,..,73.47666575,1.40106975,183.2837304,2.1
685,Morocco,MAR,2015,97.699997,97.3,1.821795354,57.07999935,3.230153348,124.279337,20.2
686,Morocco,MAR,2016,97.800003,97.8,1.795806751,58.27123642,3.219526441,118.1848162,19.1
687,Morocco,MAR,2017,97.900002,100,1.852941845,61.76221201,3.183041239,123.4247246,18.2
688,Morocco,MAR,2018,98,98.1,1.850726784,64.80386519,3.118587555,124.1715549,17.4
689,Morocco,MAR,2019,98.099998,99.6,..,74.37631447,3.09993597,127.9529984,16.7
690,Mozambique,MOZ,2015,4,24,0.208564448,6.5,0.840285274,74.45799316,61.3
691,Mozambique,MOZ,2016,4.1999998,26.2693119,0.208049391,7,0.929584557,53.99077066,59.4
692,Mozambique,MOZ,2017,4.4000001,24.3,0.210129447,7.8,0.987964415,41.45170351,57.5
693,Mozambique,MOZ,2018,4.5,31.1,0.225115201,10.4,1.335336546,47.71577872,56
694,Mozambique,MOZ,2019,4.9000001,29.61616135,..,15.1,1.419986943,48.65094674,54.3
695,Myanmar,MMR,2015,20.200001,60.5,0.360853051,..,4.301367428,77.81539875,41
696,Myanmar,MMR,2016,22.9,55.6,0.412666941,..,4.086562921,95.3647362,39.7
697,Myanmar,MMR,2017,25.299999,69.8148366,0.588207515,23.62108195,3.648932114,89.81715795,38.5
698,Myanmar,MMR,2018,27.9,66.17798615,0.605492803,..,2.307457006,113.8444919,37.2
699,Myanmar,MMR,2019,30.299999,68.35665131,..,..,2.09498789,..,36.1
700,Namibia,NAM,2015,44.299999,51.6,1.844571323,25.68785182,4.405391055,110.1478506,33.3
701,Namibia,NAM,2016,44.799999,49.7,1.848990095,31.03334594,3.772549964,112.803281,32.8
702,Namibia,NAM,2017,45.5,52.5,1.802197016,36.83740647,3.34616995,111.552451,32.2
703,Namibia,NAM,2018,45.900002,53.96953964,1.735898378,40,3.140659563,103.3739724,31.7
704,Namibia,NAM,2019,46.299999,55.19511795,..,40.5,3.092932642,103.2494698,30.9
705,Nauru,NRU,2015,100,99,4.819741662,..,..,90.53260137,27.4
706,Nauru,NRU,2016,100,99.65935516,5.728470498,..,..,94.51073986,26.7
707,Nauru,NRU,2017,100,99.88204956,6.618133686,62.38512451,..,94.58053533,26
708,Nauru,NRU,2018,100,99.91926575,6.555534744,..,..,..,25.3
709,Nauru,NRU,2019,100,100,..,..,..,..,24.6
710,Nepal,NPL,2015,27.700001,83.52746582,0.239126119,17.58161801,1.556630126,101.854612,29.2
711,Nepal,NPL,2016,28.6,90.7,0.342583453,19.68876384,1.700897728,117.8146017,27.8
712,Nepal,NPL,2017,29.299999,89.92308044,0.399165018,21.40351043,1.708544543,130.629366,26.6
713,Nepal,NPL,2018,30.200001,93.92,0.428179218,..,1.539234028,139.4463618,25.5
714,Nepal,NPL,2019,31,89.9,..,..,1.376595177,..,24.5
715,Netherlands,NLD,2015,100,100,9.333572532,91.72413793,1.132711505,122.8506375,3.4
716,Netherlands,NLD,2016,100,100,9.293428178,90.4109589,1.163626918,123.0177086,3.4
717,Netherlands,NLD,2017,100,100,9.100887639,93.19727891,1.156803668,120.6250011,3.5
718,Netherlands,NLD,2018,100,100,8.772823734,91.89189189,1.216674182,123.7312099,3.5
719,Netherlands,NLD,2019,100,100,..,93.2885906,1.322929921,127.2845209,3.5
720,New Caledonia,NCL,2015,..,100,..,74.00175279,..,96.02014277,..
721,New Caledonia,NCL,2016,..,100,..,..,..,..,..
722,New Caledonia,NCL,2017,..,100,..,82.0058408,..,..,..
723,New Caledonia,NCL,2018,..,100,..,..,..,..,..
724,New Caledonia,NCL,2019,..,100,..,..,..,..,..
725,New Zealand,NZL,2015,100,100,6.983555343,88.22288882,1.111071249,121.3557518,4.6
726,New Zealand,NZL,2016,100,100,6.614199953,88.47018635,1.131044127,130.9219373,4.4
727,New Zealand,NZL,2017,100,100,6.838956291,90.81109307,1.146306923,136.1113084,4.3
728,New Zealand,NZL,2018,100,100,6.572664572,..,1.23108197,134.9319679,4.2
729,New Zealand,NZL,2019,100,100,..,..,1.42603423,..,4.1
730,Nicaragua,NIC,2015,50.5,83.34231567,0.846826586,19.7042915,0.775537372,116.7261909,16.6
731,Nicaragua,NIC,2016,51.799999,84.74318695,0.853430457,24.57183396,0.639876676,122.8671311,16
732,Nicaragua,NIC,2017,53,86.06150055,0.845752981,27.86304001,0.623899055,128.1139122,15.4
733,Nicaragua,NIC,2018,54.299999,87.19432068,0.805815233,..,0.622743176,115.0959067,14.8
734,Nicaragua,NIC,2019,55.400002,88.21266937,..,..,0.606875679,88.43373663,14.3
735,Niger,NER,2015,1.6,16.6,0.09849181,2.476219975,..,44.79127561,51.8
736,Niger,NER,2016,1.9,17.22759056,0.094762615,4.32275803,2.185306217,35.94148156,50.4
737,Niger,NER,2017,2,17.90511894,0.09582274,10.22431156,2.486945777,40.63849996,49.1
738,Niger,NER,2018,2.2,17.6,0.102037038,..,2.471940558,..,47.9
739,Niger,NER,2019,2.4000001,18.77472496,..,..,2.651043859,..,46.7
740,Nigeria,NGA,2015,5.5,52.5,0.597060396,24.5,0.417636537,83.26830849,79.3
741,Nigeria,NGA,2016,6.9000001,59.3,0.583027843,25.67,0.43294778,82.99740158,78.3
742,Nigeria,NGA,2017,8.6999998,54.4,0.591596789,28,0.430671215,75.92482161,77.1
743,Nigeria,NGA,2018,10.7,56.5,0.667110199,31.9,0.506944514,88.18424125,75.7
744,Nigeria,NGA,2019,13,55.4,..,33.6,0.459170522,91.85357742,74
745,North America,NAC,2015,100,100,15.55083364,76.11729383,3.295014694,115.4471037,5.7
746,North America,NAC,2016,100,100,15.14692452,86.11499711,3.248998017,118.7373168,5.6
747,North America,NAC,2017,100,100,14.86822332,87.8276295,3.160707765,119.3097481,5.6
748,North America,NAC,2018,100,100,15.27087561,89.12410008,3.162419706,124.9993042,5.5
749,North America,NAC,2019,100,100,..,90.15198416,3.265610867,130.1105657,5.4
750,North Macedonia,MKD,2015,71.599998,100,3.613132093,70.38020308,0.993427692,100.2046334,10
751,North Macedonia,MKD,2016,72.800003,100,3.565759063,72.15681447,0.970115978,98.54624045,9.6
752,North Macedonia,MKD,2017,73.5,100,3.788861134,74.51682418,0.895041407,96.44629481,8.5
753,North Macedonia,MKD,2018,74.699997,99.8,3.549725294,79.16775519,0.943108733,94.53430868,7.1
754,North Macedonia,MKD,2019,76,100,..,81.41288276,1.164594116,92.20306231,6
755,Northern Mariana Islands,MNP,2015,..,100,..,..,..,..,..
756,Northern Mariana Islands,MNP,2016,..,100,..,..,..,..,..
757,Northern Mariana Islands,MNP,2017,..,100,..,..,..,..,..
758,Northern Mariana Islands,MNP,2018,..,100,..,..,..,..,..
759,Northern Mariana Islands,MNP,2019,..,100,..,..,..,..,..
760,Norway,NOR,2015,100,100,7.447085509,96.81032569,1.507279581,109.905197,2.2
761,Norway,NOR,2016,100,100,7.249949804,97.29820367,1.626681488,109.1149238,2.1
762,Norway,NOR,2017,100,100,6.992651841,96.3576013,1.719497163,107.9930692,2.1
763,Norway,NOR,2018,100,100,7.031361189,96.49165799,1.726244408,107.1737116,2
764,Norway,NOR,2019,100,100,..,98.00000439,1.853081753,107.3802483,1.9
765,Oman,OMN,2015,100,100,16.00528292,73.53,10.93096096,155.7561043,9.6
766,Oman,OMN,2016,100,100,15.52503484,76.84539047,12.11954816,153.2914555,9.6
767,Oman,OMN,2017,100,100,14.98094912,80.18563573,9.635787938,148.8216278,9.6
768,Oman,OMN,2018,100,100,15.19212436,85.5,9.54295828,139.9674164,9.6
769,Oman,OMN,2019,100,100,..,90.3,8.637691241,138.2321115,9.5
770,Pakistan,PAK,2015,43.099998,71.41212463,0.820300353,11,3.551387243,63.13069982,62.1
771,Pakistan,PAK,2016,44.5,71.58531952,0.886749485,12.38544676,3.59474547,67.02750435,60.5
772,Pakistan,PAK,2017,46,70.79,0.950909547,13.78,3.774448861,69.51482483,58.9
773,Pakistan,PAK,2018,47.700001,72.63497925,0.981820105,15.34,4.129131364,72.55706103,57.3
774,Pakistan,PAK,2019,49.099998,73.91436005,..,17.07090203,4.108816358,76.37688644,55.7
775,Palau,PLW,2015,100,99.40684509,12.45400509,..,..,134.4070195,18.3
776,Palau,PLW,2016,100,100,14.67434248,..,..,..,17.8
777,Palau,PLW,2017,100,100,15.16087372,..,..,..,17.2
778,Palau,PLW,2018,100,100,16.19116744,..,..,..,16.7
779,Palau,PLW,2019,100,100,..,..,..,..,16.2
780,Panama,PAN,2015,100,92.2937088,2.696239628,51.20542499,0,144.6881141,14.6
781,Panama,PAN,2016,100,93.17071533,2.6677744,54,0,127.3636031,14.1
782,Panama,PAN,2017,100,93.7,2.495882403,59.9506309,0,128.5729731,13.7
783,Panama,PAN,2018,100,94.94482422,2.42765632,61.80553132,0,137.0014238,13.2
784,Panama,PAN,2019,100,95.83455658,..,63.62841477,0,137.1897018,12.8
785,Papua New Guinea,PNG,2015,8.6999998,44.36001587,0.793066209,7.9,0.483758051,43.90847057,40.2
786,Papua New Guinea,PNG,2016,8.8999996,49.4,0.922414875,9.601538462,0.417619817,45.7218184,39.3
787,Papua New Guinea,PNG,2017,9.1000004,54.4,0.912534407,11.20919659,0.403221124,47.61771578,38.2
788,Papua New Guinea,PNG,2018,9.1999998,58.88763428,0.866804457,..,0.37621677,..,37.2
789,Papua New Guinea,PNG,2019,9.3000002,63.46451187,..,..,0.362281249,..,36.2
790,Paraguay,PRY,2015,65,99.331532,0.952345926,49.71630466,1.068847829,110.8127891,19
791,Paraguay,PRY,2016,66,98.4,1.054902434,53.40412748,0.951883545,110.4988999,18.4
792,Paraguay,PRY,2017,67,99.3,1.164982151,61.07575622,0.892393872,108.7550409,17.8
793,Paraguay,PRY,2018,67.5,99.6,1.210453778,64.99354302,0.957366157,106.9525792,17.2
794,Paraguay,PRY,2019,68.199997,100,..,68.51762842,0.968225096,110.1809661,16.7
795,Peru,PER,2015,75.900002,93.852179,1.766284697,40.85260091,1.730910598,112.3563679,12.2
796,Peru,PER,2016,77.900002,94.2,1.827909662,45.46174069,1.304784399,119.4241828,11.7
797,Peru,PER,2017,79.599998,94.8,1.717004408,50.45041218,1.246312804,123.7597545,11.2
798,Peru,PER,2018,81.699997,95.2,1.69681923,55.05433424,1.174986356,131.7778873,10.7
799,Peru,PER,2019,83.300003,98.34660339,..,59.95050106,1.192773184,..,10.3
800,Philippines,PHL,2015,42.5,89.08,1.113176292,..,1.08846304,115.3994392,23.4
801,Philippines,PHL,2016,43.5,92.04637146,1.205049261,..,1.045585147,115.8522806,23
802,Philippines,PHL,2017,44.900002,93,1.298718327,..,1.247077075,114.0711091,22.6
803,Philippines,PHL,2018,46,94.43275452,1.33369096,..,0.819584674,126.2046486,22.1
804,Philippines,PHL,2019,47.400002,95.62862396,..,46.88,0.920263122,154.7610716,21.5
805,Poland,POL,2015,100,100,7.609299873,67.99698716,2.137407113,143.3904315,4.2
806,Poland,POL,2016,100,100,7.894108855,73.3007041,1.938462678,139.5179369,4.1
807,Poland,POL,2017,100,100,8.237562431,75.98536595,1.894930987,132.9502666,4
808,Poland,POL,2018,100,100,8.235472255,77.54173454,2.04957213,127.3299496,3.9
809,Poland,POL,2019,100,100,..,80.43590724,1.975746349,127.7270912,3.8
810,Portugal,PRT,2015,100,100,4.812669843,68.63286148,1.787974411,112.9851121,3
811,Portugal,PRT,2016,100,100,4.72231143,70.42356709,2.004124282,112.0724654,3
812,Portugal,PRT,2017,100,100,5.177519101,73.79121395,1.683336736,114.341985,3
813,Portugal,PRT,2018,100,100,4.840612761,74.66096815,1.795969796,115.6330424,2.9
814,Portugal,PRT,2019,100,100,..,75.34637155,1.835769729,116.4632624,2.8
815,Puerto Rico,PRI,2015,..,100,..,63.46633538,..,94.77971136,..
816,Puerto Rico,PRI,2016,..,100,..,68.6438072,..,99.05733105,..
817,Puerto Rico,PRI,2017,..,100,..,68.74077314,..,107.1352326,..
818,Puerto Rico,PRI,2018,..,100,..,70.85639974,..,109.563442,..
819,Puerto Rico,PRI,2019,..,100,..,77.73643937,..,114.9505626,..
820,Qatar,QAT,2015,100,100,32.47056953,92.88482645,..,145.7868972,6.7
821,Qatar,QAT,2016,100,100,32.128042,95.12466217,..,137.606042,6.3
822,Qatar,QAT,2017,100,100,32.17937063,97.38884917,..,146.3838592,6
823,Qatar,QAT,2018,100,100,32.41563917,99.65284913,..,141.8558268,5.6
824,Qatar,QAT,2019,100,100,..,99.65280421,..,138.3290367,5.3
825,Romania,ROU,2015,100,100,3.678916669,55.76315563,1.451968796,116.0341126,7.7
826,Romania,ROU,2016,100,99.1,3.610752001,59.50395129,1.406136954,115.6782699,7
827,Romania,ROU,2017,100,100,3.782790244,63.74728218,1.721071687,113.9718904,6.5
828,Romania,ROU,2018,100,100,3.845132759,70.68127793,1.805241726,116.0354133,6.1
829,Romania,ROU,2019,100,100,..,73.65747575,1.842511893,117.0747154,5.8
830,Russian Federation,RUS,2015,93.699997,95.5,10.80890931,70.09924123,4.871514747,156.7665611,6.6
831,Russian Federation,RUS,2016,92.800003,100,10.60603144,73.09143462,5.425147705,157.718498,6.1
832,Russian Federation,RUS,2017,92.099998,100,10.77664459,76.00813853,4.248996052,156.187408,5.5
833,Russian Federation,RUS,2018,91.199997,100,11.12661837,80.86472187,3.692518759,157.431312,5.1
834,Russian Federation,RUS,2019,90.099998,100,..,82.64216156,3.832115681,164.3876311,4.7
835,Rwanda,RWA,2015,0.60000002,22.8,0.081800915,18,1.252583459,77.04779924,34.6
836,Rwanda,RWA,2016,0.69999999,29.37,0.089983322,20,1.282656297,76.45612537,33.7
837,Rwanda,RWA,2017,0.89999998,34.1,0.087639054,21.76763262,1.264674914,73.61026382,32.9
838,Rwanda,RWA,2018,1.2,34.74223709,0.087790824,25,1.251740352,78.85411036,32
839,Rwanda,RWA,2019,1.5,37.78243637,..,26,1.239645168,76.49153596,31.1
840,Samoa,WSM,2015,31.5,99.04818726,1.240245982,25.40700977,..,62.27850325,15.9
841,Samoa,WSM,2016,32.5,99.89779663,1.542099311,29.41173011,..,77.62510602,15.7
842,Samoa,WSM,2017,33.400002,96.8,1.535642257,33.61093932,..,63.58317294,15.5
843,Samoa,WSM,2018,34.799999,99.9936142,1.631587535,..,..,..,15.3
844,Samoa,WSM,2019,35.5,99.2,..,..,..,..,15
845,San Marino,SMR,2015,100,100,..,..,..,110.0745371,1.9
846,San Marino,SMR,2016,100,100,..,..,..,109.1511461,1.9
847,San Marino,SMR,2017,100,100,..,60.18230126,..,112.856761,1.8
848,San Marino,SMR,2018,100,100,..,..,..,113.9558976,1.7
849,San Marino,SMR,2019,100,100,..,..,..,114.4418193,1.6
850,Sao Tome and Principe,STP,2015,2.0999999,67.26376343,0.601687734,25.82,..,92.7489069,18.5
851,Sao Tome and Principe,STP,2016,2.4000001,69.42658234,0.590490156,28,..,87.60991404,16.9
852,Sao Tome and Principe,STP,2017,2.5999999,74.27,0.627758516,29.9312292,..,84.00397897,15.5
853,Sao Tome and Principe,STP,2018,2.9000001,71,0.663406498,31.9,..,77.05612525,14.4
854,Sao Tome and Principe,STP,2019,3.2,75.18190765,..,32,..,77.07806339,13.5
855,Saudi Arabia,SAU,2015,100,100,17.69171234,69.6162358,13.32567233,166.4563349,7.8
856,Saudi Arabia,SAU,2016,100,99.9,17.1603242,74.87927469,9.87273833,147.7417643,7.3
857,Saudi Arabia,SAU,2017,100,99.93,16.33476362,94.17559961,10.22384814,121.4789509,6.9
858,Saudi Arabia,SAU,2018,100,100,15.26878053,93.31000185,9.469201025,122.5733112,6.6
859,Saudi Arabia,SAU,2019,100,100,..,95.7247356,7.812684846,120.5147446,6.3
860,Senegal,SEN,2015,27.4,60.5,0.636556012,21.7,1.209099171,102.6135684,34.7
861,Senegal,SEN,2016,26.6,64.5,0.661619418,25.66476804,1.602097454,101.2869961,33.3
862,Senegal,SEN,2017,25.799999,61.7,0.620648569,29.64312367,1.471063,102.1986069,32
863,Senegal,SEN,2018,25.1,66,0.621912357,35.3,1.658240078,104.450641,30.8
864,Senegal,SEN,2019,24.5,70.4,..,39.5,1.51347929,109.721371,29.8
865,Serbia,SRB,2015,66.900002,99.9,6.36470223,65.3170254,1.826086336,129.3835881,5.4
866,Serbia,SRB,2016,66.800003,100,6.551132125,67.05684137,1.745155727,129.1774948,5.2
867,Serbia,SRB,2017,66.699997,100,6.680095225,70.33083553,1.837507527,123.1427546,5.1
868,Serbia,SRB,2018,66.400002,100,6.521922194,73.36070915,1.614937596,121.0748239,5
869,Serbia,SRB,2019,66.099998,99.8,..,77.41677362,2.216105685,122.0477413,4.9
870,Seychelles,SYC,2015,100,100,5.352230274,54.25961786,1.314079694,156.0824612,12.7
871,Seychelles,SYC,2016,100,100,5.703602776,56.51470815,1.535705992,158.6636715,12.8
872,Seychelles,SYC,2017,100,100,6.155900796,58.76981124,1.484521213,173.49665,12.7
873,Seychelles,SYC,2018,100,100,6.407474008,70.1,1.380046268,184.2980143,12.5
874,Seychelles,SYC,2019,100,100,..,75,1.335361292,198.1522217,12.3
875,Sierra Leone,SLE,2015,0.5,19.52425957,0.131066917,6.344421603,0.923453252,78.87713099,95.1
876,Sierra Leone,SLE,2016,0.5,20.3,0.130989244,11.77318438,1.116382358,85.67897704,89.7
877,Sierra Leone,SLE,2017,0.60000002,23.4,0.129533212,13.23693043,1.093816897,88.46989546,87.3
878,Sierra Leone,SLE,2018,0.60000002,26.1,0.133330736,15.8,0.751992569,83.07224041,84.8
879,Sierra Leone,SLE,2019,0.69999999,22.7,..,16.8,0.73496769,86.13360825,82.4
880,Singapore,SGP,2015,100,100,8.220412567,79.012957,3.046712659,147.2259695,2.2
881,Singapore,SGP,2016,100,100,8.232150937,84.45226789,3.099315294,149.6506495,2.2
882,Singapore,SGP,2017,100,100,8.451151436,84.45226789,2.9841821,146.8437245,2.2
883,Singapore,SGP,2018,100,100,8.399134832,88.16563603,2.835500815,148.821563,2.1
884,Singapore,SGP,2019,100,100,..,88.94925269,2.86534683,155.6474064,2
885,Sint Maarten (Dutch part),SXM,2015,..,100,..,..,..,..,..
886,Sint Maarten (Dutch part),SXM,2016,..,100,..,..,..,..,..
887,Sint Maarten (Dutch part),SXM,2017,..,100,..,..,..,..,..
888,Sint Maarten (Dutch part),SXM,2018,..,100,..,..,..,..,..
889,Sint Maarten (Dutch part),SXM,2019,..,100,..,..,..,..,..
890,Slovak Republic,SVK,2015,100,100,5.669455793,77.63468203,1.114488089,122.8114558,5.1
891,Slovak Republic,SVK,2016,100,100,5.80025256,80.47585728,1.119041611,128.4435529,5
892,Slovak Republic,SVK,2017,100,100,6.173665694,81.62566752,1.106087502,130.6513152,4.9
893,Slovak Republic,SVK,2018,100,100,6.058635474,80.44892248,1.226740174,132.801823,4.9
894,Slovak Republic,SVK,2019,100,100,..,82.8536605,1.715226084,135.5967816,4.8
895,Slovenia,SVN,2015,100,100,6.382264187,73.09865997,0.930119532,113.6504025,2.1
896,Slovenia,SVN,2016,100,100,6.745625513,75.49850426,1.004287078,115.0200317,2
897,Slovenia,SVN,2017,100,100,6.842858166,78.88542636,0.981831089,117.6641813,2
898,Slovenia,SVN,2018,100,100,6.774695332,79.7499766,0.978150097,118.6742271,1.9
899,Slovenia,SVN,2019,100,100,..,83.1083578,1.057394138,120.8464227,1.8
900,Solomon Islands,SLB,2015,8.5,55.1,0.51398282,10.00046498,..,70.41938725,19.3
901,Solomon Islands,SLB,2016,8.5,58.48770142,0.581171966,11.00090227,..,67.24999112,18.8
902,Solomon Islands,SLB,2017,8.8000002,62.9,0.550288508,11.92422906,..,73.1607653,18.2
903,Solomon Islands,SLB,2018,8.8000002,66.47304535,0.566740598,..,..,73.83377983,17.7
904,Solomon Islands,SLB,2019,9,70.25849152,..,..,..,71.37945398,17.1
905,Somalia,SOM,2015,2.0999999,29.17281151,0.047110994,1.76,..,42.2984343,83.6
906,Somalia,SOM,2016,2.2,30.87970161,0.04652594,1.88,..,46.89983586,81.4
907,Somalia,SOM,2017,2.4000001,32.5946312,0.045239052,2.004048698,..,48.79644016,79.1
908,Somalia,SOM,2018,2.5999999,34.31357574,0.04597479,..,..,50.99230249,76.8
909,Somalia,SOM,2019,3,36.0331955,..,..,..,..,74.8
910,South Africa,ZAF,2015,83.5,85.3,7.671201555,51.91911572,1.099182075,158.8829468,28.6
911,South Africa,ZAF,2016,84.599998,84.2,7.564450881,54,1.065199645,146.6221873,28
912,South Africa,ZAF,2017,85.099998,84.4,7.632729355,56.16739447,1.030060552,155.2323957,27.6
913,South Africa,ZAF,2018,85.900002,84.7,7.496644895,62.4,0.984961398,159.9306644,26.9
914,South Africa,ZAF,2019,86.300003,85,..,68.2,0.978057397,165.5999383,26.3
915,South Sudan,SSD,2015,0,4.60835743,0.183843137,5.5,10.56146145,27.05386827,63.3
916,South Sudan,SSD,2016,0,5.128197193,0.159704298,6.679728051,4.601531486,24.92495281,63.3
917,South Sudan,SSD,2017,0,4.2,0.13931184,7.977428907,2.354537758,25.56130126,63.3
918,South Sudan,SSD,2018,0,6.187970161,0.125729734,..,3.649892575,17.45870759,63.3
919,South Sudan,SSD,2019,0,6.720535278,..,..,3.55818489,20.08628008,63.3
920,Spain,ESP,2015,100,100,5.517944386,78.68963187,1.270823783,109.4186042,2.7
921,Spain,ESP,2016,100,100,5.314294607,80.56133294,1.13772804,110.480234,2.7
922,Spain,ESP,2017,100,100,5.654039569,84.6022457,1.230690776,112.5612499,2.7
923,Spain,ESP,2018,100,100,5.5203504,86.10723553,1.253935882,115.9942148,2.7
924,Spain,ESP,2019,100,100,..,90.71866533,1.233438734,118.4398,2.7
925,Sri Lanka,LKA,2015,25.700001,94.3347702,0.970910825,12.1,2.553055,114.308452,7.5
926,Sri Lanka,LKA,2016,27,97.5,1.034287601,15.1,2.114142415,122.7200854,7.1
927,Sri Lanka,LKA,2017,28.299999,97.5,1.087017348,21.3,2.119696641,133.4676273,6.7
928,Sri Lanka,LKA,2018,29.5,99.58686066,0.99815413,26,1.842977531,142.6507235,6.4
929,Sri Lanka,LKA,2019,31.200001,100,..,29,2.011121467,132.9625868,6.2
930,St. Kitts and Nevis,KNA,2015,100,100,4.687133818,75.7,..,142.5873484,14.1
931,St. Kitts and Nevis,KNA,2016,100,100,4.842239826,76.81767491,..,148.3447942,13.9
932,St. Kitts and Nevis,KNA,2017,100,100,4.61219156,80.71019081,..,147.7144779,13.6
933,St. Kitts and Nevis,KNA,2018,100,100,4.958236393,..,..,..,13.3
934,St. Kitts and Nevis,KNA,2019,100,100,..,..,..,..,12.9
935,St. Lucia,LCA,2015,96.5,97.05250549,2.12135253,42.53093047,..,104.8094637,19.5
936,St. Lucia,LCA,2016,96.5,97.67999268,1.944142022,46.72907806,..,98.12469449,20
937,St. Lucia,LCA,2017,96.699997,98.29696655,2.044707248,50.81524478,..,97.64581054,20.6
938,St. Lucia,LCA,2018,96.599998,98.91943359,2.14415306,..,..,101.6795958,21.1
939,St. Lucia,LCA,2019,96.599998,99.54777527,..,..,..,..,21.6
940,St. Martin (French part),MAF,2015,..,100,..,..,..,..,..
941,St. Martin (French part),MAF,2016,..,100,..,..,..,..,..
942,St. Martin (French part),MAF,2017,..,100,..,..,..,..,..
943,St. Martin (French part),MAF,2018,..,100,..,..,..,..,..
944,St. Martin (French part),MAF,2019,..,100,..,..,..,..,..
945,St. Vincent and the Grenadines,VCT,2015,95.099998,99.54006958,2.015851927,51.77,..,103.8690585,15.2
946,St. Vincent and the Grenadines,VCT,2016,94.900002,99.76855469,2.466496752,55.57,..,102.9143332,14.7
947,St. Vincent and the Grenadines,VCT,2017,94.800003,99.97125244,2.458434251,65.56,..,105.4786164,14.3
948,St. Vincent and the Grenadines,VCT,2018,94.699997,100,2.540604301,..,..,96.06572847,13.8
949,St. Vincent and the Grenadines,VCT,2019,94.199997,100,..,..,..,92.86637912,13.4
950,Sudan,SDN,2015,46,46.92499542,0.457548873,..,2.655921816,71.81590856,45.2
951,Sudan,SDN,2016,47.700001,48.83090973,0.513960335,14.09999994,2.65023238,69.78439192,44.1
952,Sudan,SDN,2017,50,50.65546417,0.498365757,..,3.507166087,70.18317784,43
953,Sudan,SDN,2018,51.5,52.29756546,0.483235878,..,1.783457419,72.00791416,42
954,Sudan,SDN,2019,53.200001,53.82707214,..,25.4,1.644621089,77.11203717,41
955,Suriname,SUR,2015,91.599998,95.00204468,4.918302524,42.76382778,..,134.2157552,18.2
956,Suriname,SUR,2016,92.300003,95.90665436,4.089342395,45.4,..,142.8391115,17.7
957,Suriname,SUR,2017,92.900002,96.72870636,3.733560502,48.94517397,..,139.5050973,17.2
958,Suriname,SUR,2018,93.5,97.4,3.611192614,..,..,130.604698,16.7
959,Suriname,SUR,2019,94.099998,97.88735199,..,..,..,139.9867899,16.2
960,Sweden,SWE,2015,100,100,4.000332272,90.61019664,1.066502053,129.4305347,2.3
961,Sweden,SWE,2016,100,100,3.909066586,89.65094761,1.053016389,127.5231707,2.3
962,Sweden,SWE,2017,100,100,3.811011227,93.00626697,1.023179205,126.3951989,2.3
963,Sweden,SWE,2018,100,100,3.538009127,89.24696316,1.032246092,126.6219452,2.2
964,Sweden,SWE,2019,100,100,..,94.49344341,1.098943094,128.4911022,2.2
965,Switzerland,CHE,2015,100,100,4.712404478,87.4790556,0.643890851,135.5130156,3.7
966,Switzerland,CHE,2016,100,100,4.730490994,89.13468774,0.657387011,134.1553264,3.7
967,Switzerland,CHE,2017,100,100,4.569419203,89.68614767,0.656917773,131.1359393,3.6
968,Switzerland,CHE,2018,100,100,4.401991044,91.8,0.632561531,126.5434466,3.6
969,Switzerland,CHE,2019,100,100,..,93.14608695,0.699250733,126.7161621,3.6
970,Syrian Arab Republic,SYR,2015,98,89.82977295,1.446874775,29.97979724,..,79.52406813,25.6
971,Syrian Arab Republic,SYR,2016,97.800003,89.69534302,1.514980876,31.86962727,..,76.43527339,25
972,Syrian Arab Republic,SYR,2017,97.699997,89.56895447,1.702185507,34.25340193,..,89.99935539,18.8
973,Syrian Arab Republic,SYR,2018,97.400002,86,1.647087511,..,..,101.0895154,18.9
974,Syrian Arab Republic,SYR,2019,97.400002,89.32488251,..,..,..,113.5761609,18.4
975,Tajikistan,TJK,2015,77.400002,98,0.563045813,18.98,1.281982414,100.4136726,32.6
976,Tajikistan,TJK,2016,78.599998,99.19988251,0.687937716,20.47,1.215139771,108.5001937,31.8
977,Tajikistan,TJK,2017,79.699997,99.3,0.717320532,21.96,1.093906012,111.5281656,30.9
978,Tajikistan,TJK,2018,80.699997,99.3,0.80541954,..,1.082302016,..,30.1
979,Tajikistan,TJK,2019,82,99.63539124,..,..,1.038329778,..,29.2
980,Tanzania,TZA,2015,3,26.34278107,0.227066841,10,1.091369867,77.04656442,40.9
981,Tanzania,TZA,2016,3.3,32.8,0.205846528,13.50423285,1.093691934,75.48495237,39.7
982,Tanzania,TZA,2017,3.5999999,32.41840363,0.207828911,15.99999943,1.055796282,73.09478999,38.2
983,Tanzania,TZA,2018,4,35.22945023,0.205634733,19,1.055236597,77.24135223,36.8
984,Tanzania,TZA,2019,4.3000002,37.7,..,20,1.01776679,82.20817408,35.8
985,Thailand,THA,2015,77.800003,99.6,3.82859407,39.31612674,1.426581859,149.8111512,9.3
986,Thailand,THA,2016,78.599998,99.85212708,3.780122324,47.50496562,1.421440121,173.5054814,8.9
987,Thailand,THA,2017,79,99.9,3.766228713,52.89192934,1.389954419,175.5964942,8.5
988,Thailand,THA,2018,79.400002,99.82,3.714039204,56.81748093,1.357573997,180.1826119,8.1
989,Thailand,THA,2019,79.5,99.9,..,66.65241946,1.352707836,186.1585875,7.7
990,Timor-Leste,TLS,2015,8.5,67.28153394,0.5099081,23,1.190536013,115.0770458,42.8
991,Timor-Leste,TLS,2016,9.5,76.5,0.565903572,25.24624959,1.039944466,122.3766657,41.4
992,Timor-Leste,TLS,2017,10.5,83.23754883,0.482602191,27.49273173,0.916943365,125.2052269,40.1
993,Timor-Leste,TLS,2018,11.4,89.03410339,0.504741813,..,0.762205693,115.8141255,38.8
994,Timor-Leste,TLS,2019,12.6,94.71617889,..,..,1.23214145,110.2184718,37.7
995,Togo,TGO,2015,6.6999998,44.74192047,0.248526524,7.12,1.674422895,66.2993479,50.8
996,Togo,TGO,2016,7.5,46.84999847,0.30626028,11.31,1.840382387,73.30838776,49.4
997,Togo,TGO,2017,8,48,0.268884387,12.36022497,1.874542288,78.84556082,48.1
998,Togo,TGO,2018,8.6000004,50,0.286471389,15.5,1.963332431,77.88610174,46.8
999,Togo,TGO,2019,9.3000002,52.44109726,..,19.3,3.146217077,77.19500701,45.5
1000,Tonga,TON,2015,69.300003,100,1.091486406,38.65127243,..,72.92346772,10.7
1001,Tonga,TON,2016,71.199997,97.02,1.483048753,39.95,..,79.10375446,10.6
1002,Tonga,TON,2017,72.800003,98.33101654,1.764671281,41.24872764,..,105.8236436,10.4
1003,Tonga,TON,2018,75,99.13130188,1.841103111,..,..,104.5941258,10.3
1004,Tonga,TON,2019,76.400002,98.4,..,..,..,59.4330775,10
1005,Trinidad and Tobago,TTO,2015,100,100,15.51448846,69.19847061,0.83320624,154.9537045,17.3
1006,Trinidad and Tobago,TTO,2016,100,100,13.23351455,73.29694122,0.95365006,157.223424,16.8
1007,Trinidad and Tobago,TTO,2017,100,100,13.14249382,77.32605293,0.885039523,146.7160721,16.3
1008,Trinidad and Tobago,TTO,2018,100,100,12.77844012,..,0.68778771,141.9293402,15.8
1009,Trinidad and Tobago,TTO,2019,100,100,..,..,0.707947748,155.1087369,15.4
1010,Tunisia,TUN,2015,99.699997,99.9,2.653857785,46.49999434,2.26986516,130.5540392,14.8
1011,Tunisia,TUN,2016,99.800003,100,2.564592069,49.59999484,2.360819737,126.3459615,14.7
1012,Tunisia,TUN,2017,99.800003,100,2.614261782,55.50015506,2.144302107,125.3697596,14.7
1013,Tunisia,TUN,2018,99.800003,99.8,2.592258865,64.19081023,2.113384861,127.7071968,14.6
1014,Tunisia,TUN,2019,99.800003,100,..,66.6999983,2.564559332,126.3052836,14.5
1015,Turkey,TUR,2015,95,100,4.47717596,53.74497914,1.812848293,93.77284502,11.1
1016,Turkey,TUR,2016,95,100,4.692471556,58.34773401,2.050324605,94.02943867,10.5
1017,Turkey,TUR,2017,95,100,5.127196701,64.68461768,2.050065818,95.91170472,9.8
1018,Turkey,TUR,2018,95,100,5.01541837,71.04276084,2.524003026,97.30132788,9.2
1019,Turkey,TUR,2019,95.099998,100,..,73.97670281,2.710273547,96.83716867,8.6
1020,Turkmenistan,TKM,2015,99.900002,100,12.95172231,14.99677482,..,140.909175,36.4
1021,Turkmenistan,TKM,2016,99.900002,99.99401093,12.71905356,17.99032446,..,151.4384088,36.7
1022,Turkmenistan,TKM,2017,99.900002,100,12.49811773,21.25099741,..,162.8611033,37
1023,Turkmenistan,TKM,2018,99.900002,100,12.25964817,..,..,..,37
1024,Turkmenistan,TKM,2019,99.900002,99.9,..,..,..,..,36.6
1025,Turks and Caicos Islands,TCA,2015,..,100,..,..,..,..,..
1026,Turks and Caicos Islands,TCA,2016,..,100,..,..,..,..,..
1027,Turks and Caicos Islands,TCA,2017,..,100,..,..,..,..,..
1028,Turks and Caicos Islands,TCA,2018,..,100,..,..,..,..,..
1029,Turks and Caicos Islands,TCA,2019,..,100,..,..,..,..,..
1030,Tuvalu,TUV,2015,63.400002,98.9172821,0.90098207,42.7,..,59.46481665,21.9
1031,Tuvalu,TUV,2016,65.300003,99.33574677,0.89031339,46.00915151,..,67.70601336,21.2
1032,Tuvalu,TUV,2017,66.5,99.76225281,0.879894413,49.31833862,..,70.36059807,20.6
1033,Tuvalu,TUV,2018,67.599998,99.89904785,0.86918731,..,..,..,20
1034,Tuvalu,TUV,2019,68.900002,100,..,..,..,..,19.3
1035,Uganda,UGA,2015,0.69999999,18.5,0.127140436,..,1.041162488,52.89740582,38.9
1036,Uganda,UGA,2016,0.69999999,26.7,0.143004244,..,1.045656224,57.60142849,37.3
1037,Uganda,UGA,2017,0.60000002,32.72455978,0.141862619,..,1.096078932,60.60467775,35.7
1038,Uganda,UGA,2018,0.60000002,42.7,0.143462178,..,1.225631547,57.27260732,34.1
1039,Uganda,UGA,2019,0.5,41.3,..,..,1.769798079,57.36556563,33
1040,Ukraine,UKR,2015,95.099998,100,4.227086146,48.88464368,3.251180763,142.0030379,8.1
1041,Ukraine,UKR,2016,95.199997,100,4.471757855,53.0009696,3.154776603,133.1689539,7.9
1042,Ukraine,UKR,2017,95.099998,100,3.899968181,58.88947945,2.884401519,131.3565115,7.6
1043,Ukraine,UKR,2018,95.099998,100,4.154180631,62.55315539,3.192353265,127.753861,7.4
1044,Ukraine,UKR,2019,95.199997,100,..,70.1248443,3.522485271,130.6294363,7.2
1045,United Arab Emirates,ARE,2015,100,100,20.94809226,90.5,..,193.7034838,6.5
1046,United Arab Emirates,ARE,2016,100,100,21.30760952,90.60000732,..,212.6389865,6.3
1047,United Arab Emirates,ARE,2017,100,100,21.95061433,94.81992254,..,208.9785999,6.2
1048,United Arab Emirates,ARE,2018,100,100,20.7974984,98.45000178,..,208.5048332,6
1049,United Arab Emirates,ARE,2019,100,100,..,99.14999998,..,200.6320743,5.8
1050,United Kingdom,GBR,2015,100,100,6.148544958,92.00029987,2.045503192,120.3319425,3.8
1051,United Kingdom,GBR,2016,100,100,5.774741668,94.77580063,1.981438255,119.0555562,3.8
1052,United Kingdom,GBR,2017,100,100,5.546265944,90.42455049,1.946324996,118.5404012,3.8
1053,United Kingdom,GBR,2018,100,100,5.398708138,90.69200899,1.948755708,117.499287,3.7
1054,United Kingdom,GBR,2019,100,100,..,92.51662855,2.013004573,118.2345574,3.7
1055,United States,USA,2015,100,100,15.53534211,74.55420245,3.477845166,119.1439209,5.8
1056,United States,USA,2016,100,100,15.13174682,85.54442129,3.418942337,122.5945483,5.7
1057,United States,USA,2017,100,100,14.80588242,87.27488917,3.313381294,123.0448345,5.7
1058,United States,USA,2018,100,100,15.24087458,88.49890317,3.316248808,129.0140075,5.6
1059,United States,USA,2019,100,100,..,89.43028486,3.427080181,134.4588794,5.5
1060,Uruguay,URY,2015,100,99.70948,1.931411164,64.5707871,1.820588136,151.390984,7.6
1061,Uruguay,URY,2016,100,99.7,1.90704875,66.4,1.873463798,149.4317533,7.2
1062,Uruguay,URY,2017,100,99.8,1.769167313,70.3223544,1.956922916,148.3299827,6.8
1063,Uruguay,URY,2018,100,99.8,1.890244079,80.72684288,2.133948636,149.9042265,6.3
1064,Uruguay,URY,2019,100,99.9,..,83.35153377,2.059819,138.0749359,5.8
1065,Uzbekistan,UZB,2015,85.599998,100,3.24388397,42.8,..,70.42874879,17.3
1066,Uzbekistan,UZB,2016,85.300003,100,3.370708901,46.79128694,..,73.99520784,16.1
1067,Uzbekistan,UZB,2017,85.199997,100,3.438864292,48.69999885,..,75.92497884,15
1068,Uzbekistan,UZB,2018,84.900002,100,3.401191282,55.20000067,3.555482552,71.51737128,14.1
1069,Uzbekistan,UZB,2019,84.599998,100,..,70.4000024,..,101.2075903,13.3
1070,Vanuatu,VUT,2015,9.3999996,52.2941246,0.516361276,22.35140458,..,64.47755689,23.6
1071,Vanuatu,VUT,2016,9.1000004,57.82,0.646723626,24,..,78.54094061,23.2
1072,Vanuatu,VUT,2017,8.6000004,62.8,0.595448671,25.71978784,..,79.86270183,22.7
1073,Vanuatu,VUT,2018,8.1999998,61.77245331,0.615016657,..,..,85.90542572,22.2
1074,Vanuatu,VUT,2019,7.8000002,64.66623688,..,..,..,88.44112017,21.6
1075,"Venezuela, RB",VEN,2015,97.300003,100,5.780234026,..,0.941375969,96.71458807,16.4
1076,"Venezuela, RB",VEN,2016,97.199997,99.4,5.428918569,..,0.454046014,92.46141578,21.1
1077,"Venezuela, RB",VEN,2017,97.300003,99.2,5.058756948,..,2.233332199,83.30482214,21.1
1078,"Venezuela, RB",VEN,2018,97.199997,99.90830231,4.782754887,..,..,71.76613811,21.1
1079,"Venezuela, RB",VEN,2019,97.099998,100,..,..,..,64.79291203,21.1
1080,Vietnam,VNM,2015,59.5,99.80340576,2.257300246,45,2.361155697,129.8315152,17.4
1081,Vietnam,VNM,2016,61.299999,99.2,2.390740709,53,2.442960753,128.7907855,17.3
1082,Vietnam,VNM,2017,62.400002,100,2.348081292,58.14,2.267969776,126.8661299,17.1
1083,Vietnam,VNM,2018,63.599998,100,2.698805922,69.84792868,2.28456986,147.1952734,17
1084,Vietnam,VNM,2019,64.699997,99.4,..,68.66158021,..,141.2268627,16.9
1085,Virgin Islands (U.S.),VIR,2015,..,100,..,54.8391373,..,..,..
1086,Virgin Islands (U.S.),VIR,2016,..,100,..,59.6083158,..,..,..
1087,Virgin Islands (U.S.),VIR,2017,..,100,..,64.3774943,..,..,..
1088,Virgin Islands (U.S.),VIR,2018,..,100,..,..,..,..,..
1089,Virgin Islands (U.S.),VIR,2019,..,100,..,..,..,..,..
1090,West Bank and Gaza,PSE,2015,..,99.9,..,56.7,..,77.96137302,16.4
1091,West Bank and Gaza,PSE,2016,..,100,..,59.9,..,80.10067188,16
1092,West Bank and Gaza,PSE,2017,..,99.7,..,63.3,..,84.17979591,15.5
1093,West Bank and Gaza,PSE,2018,..,99.9903717,..,64.39999371,..,89.97575355,15.1
1094,West Bank and Gaza,PSE,2019,..,100,..,70.6225837,..,86.32538513,14.6
1095,World,WLD,2015,61.62061606,86.57933349,4.483514829,40.90827053,2.255158329,97.42053169,31.4
1096,World,WLD,2016,62.74565729,87.72951747,4.431336901,43.80466711,2.21794914,100.7199984,30.6
1097,World,WLD,2017,63.8018947,88.61689526,4.43553589,46.31676403,2.172525813,102.86938,29.7
1098,World,WLD,2018,65.06251277,89.43294573,4.477639096,49.90704933,2.148184314,106.4864056,28.9
1099,World,WLD,2019,66.17822699,90.0970109,..,56.72738905,2.18686376,109.4641856,28.1
1100,"Yemen, Rep.",YEM,2015,60.700001,67.39666748,0.536269296,24.08540947,..,56.69113113,46.1
1101,"Yemen, Rep.",YEM,2016,60.900002,68.9187088,0.400468047,24.57920836,..,60.48634124,46
1102,"Yemen, Rep.",YEM,2017,61,79.2,0.361417938,26.71835477,..,55.17502377,45.9
1103,"Yemen, Rep.",YEM,2018,61,62,0.326681763,..,..,53.67893316,46.5
1104,"Yemen, Rep.",YEM,2019,60.900002,72.75170135,..,..,..,..,46.4
1105,Zambia,ZMB,2015,15.7,31.1,0.319282188,..,1.75323438,72.78457238,46.9
1106,Zambia,ZMB,2016,15.7,35.17316437,0.341615023,..,1.429304719,73.43823048,45.6
1107,Zambia,ZMB,2017,15.7,40.3,0.414747987,..,1.309596105,79.73690961,44.3
1108,Zambia,ZMB,2018,15.7,39.82230377,0.446065443,14.2999971,1.409462391,89.15704437,43.9
1109,Zambia,ZMB,2019,15.7,43,..,19,1.219374502,96.41441171,42.9
1110,Zimbabwe,ZWE,2015,29.799999,33.7,0.89759836,22.7428181,1.88687572,92.34710538,42.1
1111,Zimbabwe,ZWE,2016,29.700001,39.67622757,0.783302583,23.11998904,1.742493552,91.79345804,40.8
1112,Zimbabwe,ZWE,2017,29.6,40.14428329,0.718570496,24.4,1.544948051,98.98507333,39.9
1113,Zimbabwe,ZWE,2018,29.799999,40.61635971,0.849792905,25,1.222794967,89.40486891,38.8
1114,Zimbabwe,ZWE,2019,30,41.08910751,..,25.1,0.698600973,90.10228966,38.1
